/*
Navicat Oracle Data Transfer
Oracle Client Version : 10.1.0.4.0

Source Server         : org
Source Server Version : 110200
Source Host           : localhost:1521
Source Schema         : ORG

Target Server Type    : ORACLE
Target Server Version : 110100
File Encoding         : 65001

Date: 2014-09-17 16:41:39
*/


-- ----------------------------
-- Table structure for "ORG_FUNC"
-- ----------------------------
DROP TABLE "ORG_FUNC";
CREATE TABLE "ORG_FUNC" (
"ID" VARCHAR2(200 BYTE) NOT NULL ,
"FUNCNAME" VARCHAR2(200 BYTE) NULL ,
"ISEFFECT" VARCHAR2(200 BYTE) NULL ,
"TYPE" VARCHAR2(200 BYTE) NULL ,
"SORT" NUMBER NULL ,
"CODE" VARCHAR2(200 BYTE) NULL ,
"PID" VARCHAR2(200 BYTE) NULL ,
"FUNCWHOLENAME" VARCHAR2(200 BYTE) NULL ,
"URL" VARCHAR2(200 BYTE) NULL 
)
LOGGING
NOCOMPRESS
NOCACHE

;

-- ----------------------------
-- Records of ORG_FUNC
-- ----------------------------
INSERT INTO "ORG_FUNC" VALUES ('408948b6487827800148782784c80000', '菜单', 'y', '3', '1', '10', 'root', '所有功能/菜单', null);
INSERT INTO "ORG_FUNC" VALUES ('408948b6487827800148782784e90001', '首页', 'y', '3', '1', '1001', '408948b6487827800148782784c80000', '所有功能/菜单/首页', 'train/showIndex.do');
INSERT INTO "ORG_FUNC" VALUES ('408948b6487827800148782784f20002', '待办的飞行训练', 'y', '3', '1', '100101', '408948b6487827800148782784e90001', '所有功能/菜单/首页/待办的飞行训练', 'train/showUnfinishedList.do');
INSERT INTO "ORG_FUNC" VALUES ('408948b6487827800148782784f80003', '飞行训练', 'y', '3', '2', '1002', '408948b6487827800148782784c80000', '所有功能/菜单/飞行训练', null);
INSERT INTO "ORG_FUNC" VALUES ('408948b6487827800148782785010004', '待办的飞行训练（计时员）', 'y', '3', '1', '100201', '408948b6487827800148782784f80003', '所有功能/菜单/飞行训练/待办的飞行训练（计时员）', 'train/showUnfinishedList.do');
INSERT INTO "ORG_FUNC" VALUES ('408948b6487827800148782785060005', '待办的飞行训练（领航室）', 'y', '3', '2', '100202', '408948b6487827800148782784f80003', '所有功能/菜单/飞行训练/待办的飞行训练（领航室）', 'train/showStep2List.do');
INSERT INTO "ORG_FUNC" VALUES ('408948b64878278001487827850b0006', '待办的飞行训练（航空军医）', 'y', '3', '3', '100203', '408948b6487827800148782784f80003', '所有功能/菜单/飞行训练/待办的飞行训练（航空军医）', 'train/showStep3List.do');
INSERT INTO "ORG_FUNC" VALUES ('408948b6487827800148782785100007', '待办的飞行训练（团指挥员）', 'y', '3', '4', '100204', '408948b6487827800148782784f80003', '所有功能/菜单/飞行训练/待办的飞行训练（团指挥员）', 'train/showStep4List.do');
INSERT INTO "ORG_FUNC" VALUES ('408948b6487827800148782785160008', '待办的飞行训练（团首长）', 'y', '3', '5', '100205', '408948b6487827800148782784f80003', '所有功能/菜单/飞行训练/待办的飞行训练（团首长）', 'train/showStep5List.do');
INSERT INTO "ORG_FUNC" VALUES ('408948b64878278001487827851c0009', '待办的飞行训练（飞行大队）', 'y', '3', '6', '100206', '408948b6487827800148782784f80003', '所有功能/菜单/飞行训练/待办的飞行训练（飞行大队）', 'train/showStep6List.do');
INSERT INTO "ORG_FUNC" VALUES ('408948b648782780014878278521000a', '待办的飞行训练（机组）', 'y', '3', '7', '100207', '408948b6487827800148782784f80003', '所有功能/菜单/飞行训练/待办的飞行训练（机组）', 'train/showStep7List.do');
INSERT INTO "ORG_FUNC" VALUES ('408948b648782780014878278527000b', '待办的飞行训练（作训室）', 'y', '3', '8', '100208', '408948b6487827800148782784f80003', '所有功能/菜单/飞行训练/待办的飞行训练（作训室）', 'train/showStep8List.do');
INSERT INTO "ORG_FUNC" VALUES ('408948b64878278001487827852c000c', '待办的飞行训练（场站）', 'y', '3', '9', '100209', '408948b6487827800148782784f80003', '所有功能/菜单/飞行训练/待办的飞行训练（场站）', 'train/showStep9List.do');
INSERT INTO "ORG_FUNC" VALUES ('408948b648782780014878278531000d', '待办的飞行训练（航行科）', 'y', '3', '10', '100210', '408948b6487827800148782784f80003', '所有功能/菜单/飞行训练/待办的飞行训练（航行科）', 'train/showStep10List.do');
INSERT INTO "ORG_FUNC" VALUES ('408948b648782780014878278537000e', '待办的飞行训练（军训科）', 'y', '3', '11', '100211', '408948b6487827800148782784f80003', '所有功能/菜单/飞行训练/待办的飞行训练（军训科）', 'train/showStep11List.do');
INSERT INTO "ORG_FUNC" VALUES ('408948b64878278001487827853e000f', '待办的飞行训练（调度室）', 'y', '3', '12', '100212', '408948b6487827800148782784f80003', '所有功能/菜单/飞行训练/待办的飞行训练（调度室）', 'train/showStep12List.do');
INSERT INTO "ORG_FUNC" VALUES ('408948b6487827800148782785430010', '待办的飞行训练（机务讲评）', 'y', '3', '13', '100213', '408948b6487827800148782784f80003', '所有功能/菜单/飞行训练/待办的飞行训练（机务讲评）', 'train/showStep13List.do');
INSERT INTO "ORG_FUNC" VALUES ('408948b6487827800148782785480011', '经办的飞行训练', 'y', '3', '14', '100221', '408948b6487827800148782784f80003', '所有功能/菜单/飞行训练/经办的飞行训练', 'train/showMyTrainList.do');
INSERT INTO "ORG_FUNC" VALUES ('408948b64878278001487827854d0012', '未完成的飞行训练', 'y', '3', '15', '100222', '408948b6487827800148782784f80003', '所有功能/菜单/飞行训练/未完成的飞行训练', 'train/showFerryTrainList.do');
INSERT INTO "ORG_FUNC" VALUES ('408948b6487827800148782785510013', '已完成的飞行训练', 'y', '3', '16', '100223', '408948b6487827800148782784f80003', '所有功能/菜单/飞行训练/已完成的飞行训练', 'train/showFerryTrainListxx.do');
INSERT INTO "ORG_FUNC" VALUES ('408948b6487827800148782785560014', '飞行任务', 'y', '3', '3', '1003', '408948b6487827800148782784c80000', '所有功能/菜单/飞行任务', null);
INSERT INTO "ORG_FUNC" VALUES ('408948b64878278001487827855f0015', '未完成的飞行任务（作战科）', 'y', '3', '1', '100301', '408948b6487827800148782785560014', '所有功能/菜单/飞行任务/未完成的飞行任务（作战科）', 'mission/showUnfinishedList.do');
INSERT INTO "ORG_FUNC" VALUES ('408948b6487827800148782785640016', '未完成的飞行任务（师领导）', 'y', '3', '2', '100302', '408948b6487827800148782785560014', '所有功能/菜单/飞行任务/未完成的飞行任务（师领导）', 'mission/showStep2List.do');
INSERT INTO "ORG_FUNC" VALUES ('408948b64878278001487827856a0017', '未完成的飞行任务（作战室）', 'y', '3', '3', '100303', '408948b6487827800148782785560014', '所有功能/菜单/飞行任务/未完成的飞行任务（作战室）', 'mission/showStep3List.do');
INSERT INTO "ORG_FUNC" VALUES ('408948b6487827800148782785700018', '未完成的飞行任务（领航室）', 'y', '3', '4', '100304', '408948b6487827800148782785560014', '所有功能/菜单/飞行任务/未完成的飞行任务（领航室）', 'mission/showStep4List.do');
INSERT INTO "ORG_FUNC" VALUES ('408948b6487827800148782785750019', '未完成的飞行任务（航空军医）', 'y', '3', '5', '100305', '408948b6487827800148782785560014', '所有功能/菜单/飞行任务/未完成的飞行任务（航空军医）', 'mission/showStep5List.do');
INSERT INTO "ORG_FUNC" VALUES ('408948b64878278001487827857b001a', '未完成的飞行任务（团指挥员）', 'y', '3', '6', '100306', '408948b6487827800148782785560014', '所有功能/菜单/飞行任务/未完成的飞行任务（团指挥员）', 'mission/showStep6List.do');
INSERT INTO "ORG_FUNC" VALUES ('408948b648782780014878278580001b', '未完成的飞行任务（团首长）', 'y', '3', '7', '100307', '408948b6487827800148782785560014', '所有功能/菜单/飞行任务/未完成的飞行任务（团首长）', 'mission/showStep7List.do');
INSERT INTO "ORG_FUNC" VALUES ('408948b648782780014878278585001c', '未完成的飞行任务（航行科）', 'y', '3', '8', '100308', '408948b6487827800148782785560014', '所有功能/菜单/飞行任务/未完成的飞行任务（航行科）', 'mission/showStep8List.do');
INSERT INTO "ORG_FUNC" VALUES ('408948b64878278001487827858a001d', '未完成的飞行任务（飞行大队）', 'y', '3', '9', '100309', '408948b6487827800148782785560014', '所有功能/菜单/飞行任务/未完成的飞行任务（飞行大队）', 'mission/showStep9List.do');
INSERT INTO "ORG_FUNC" VALUES ('408948b648782780014878278590001e', '未完成的飞行任务（机组）', 'y', '3', '10', '100310', '408948b6487827800148782785560014', '所有功能/菜单/飞行任务/未完成的飞行任务（机组）', 'mission/showStep10List.do');
INSERT INTO "ORG_FUNC" VALUES ('408948b648782780014878278595001f', '未完成的飞行任务（场站）', 'y', '3', '11', '100313', '408948b6487827800148782785560014', '所有功能/菜单/飞行任务/未完成的飞行任务（场站）', 'mission/showStep13List.do');
INSERT INTO "ORG_FUNC" VALUES ('408948b64878278001487827859a0020', '未完成的飞行任务（调度室）', 'y', '3', '12', '100311', '408948b6487827800148782785560014', '所有功能/菜单/飞行任务/未完成的飞行任务（调度室）', 'mission/showStep11List.do');
INSERT INTO "ORG_FUNC" VALUES ('408948b6487827800148782785a00021', '未完成的飞行任务（机务讲评）', 'y', '3', '13', '100313', '408948b6487827800148782785560014', '所有功能/菜单/飞行任务/未完成的飞行任务（机务讲评）', 'mission/showStep13List.do');
INSERT INTO "ORG_FUNC" VALUES ('408948b6487827800148782785a50022', '已完成的飞行任务', 'y', '3', '14', '100321', '408948b6487827800148782785560014', '所有功能/菜单/飞行任务/已完成的飞行任务', 'mission/showUnfinishedListxx.do');
INSERT INTO "ORG_FUNC" VALUES ('root', '所有功能', 'y', '3', '0', 'root', '0', '所有功能', null);
INSERT INTO "ORG_FUNC" VALUES ('408948b6487827800148782785aa0023', '统计汇总', 'y', '3', '4', '1004', '408948b6487827800148782784c80000', '所有功能/菜单/统计汇总', null);
INSERT INTO "ORG_FUNC" VALUES ('408948b6487827800148782785b30024', '飞行日记', 'y', '3', '1', '100401', '408948b6487827800148782785aa0023', '所有功能/菜单/统计汇总/飞行日记', 'diary/showAllDiaryList.do');
INSERT INTO "ORG_FUNC" VALUES ('408948b6487827800148782785b80025', '飞行时间表', 'y', '3', '2', '100402', '408948b6487827800148782785aa0023', '所有功能/菜单/统计汇总/飞行时间表', 'statistic/openStatisticForm.do');
INSERT INTO "ORG_FUNC" VALUES ('408948b6487827800148782785bd0026', '飞行安全基础信息', 'y', '3', '5', '1005', '408948b6487827800148782784c80000', '所有功能/菜单/飞行安全基础信息', null);
INSERT INTO "ORG_FUNC" VALUES ('408948b6487827800148782785c60027', '飞机信息维护', 'y', '3', '1', '100501', '408948b6487827800148782785bd0026', '所有功能/菜单/飞行安全基础信息/飞机信息维护', 'airplane/getAllAirplane.do');
INSERT INTO "ORG_FUNC" VALUES ('408948b6487827800148782785cb0028', '航线信息维护', 'y', '3', '2', '100502', '408948b6487827800148782785bd0026', '所有功能/菜单/飞行安全基础信息/航线信息维护', 'waypoint/showAllWaypointList.do');
INSERT INTO "ORG_FUNC" VALUES ('408948b6487827800148782785cf0029', '飞行人员信息维护', 'y', '3', '3', '100503', '408948b6487827800148782785bd0026', '所有功能/菜单/飞行安全基础信息/飞行人员信息维护', 'person/showAllWorkerList.do');
INSERT INTO "ORG_FUNC" VALUES ('408948b6487827800148782785d4002a', '系统管理', 'y', '3', '6', '1006', '408948b6487827800148782784c80000', '所有功能/菜单/系统管理', null);
INSERT INTO "ORG_FUNC" VALUES ('408948b6487827800148782785de002b', '编码管理', 'y', '3', '1', '100601', '408948b6487827800148782785d4002a', '所有功能/菜单/系统管理/编码管理', 'codes/getAllCCate.do');
INSERT INTO "ORG_FUNC" VALUES ('408948b6487827800148782785e4002c', '访问控制', 'y', '2', '2', null, 'root', '所有功能/访问控制', null);

-- ----------------------------
-- Table structure for "ORG_FUNCROLEREL"
-- ----------------------------
DROP TABLE "ORG_FUNCROLEREL";
CREATE TABLE "ORG_FUNCROLEREL" (
"ID" VARCHAR2(200 BYTE) NOT NULL ,
"ORG_ID" VARCHAR2(200 BYTE) NULL ,
"SORT" NUMBER NULL ,
"FUNCID" VARCHAR2(200 BYTE) NULL ,
"ROLEID" VARCHAR2(200 BYTE) NULL ,
"USERID" VARCHAR2(200 CHAR) NULL 
)
LOGGING
NOCOMPRESS
NOCACHE

;

-- ----------------------------
-- Records of ORG_FUNCROLEREL
-- ----------------------------
INSERT INTO "ORG_FUNCROLEREL" VALUES ('408948b6487d7fe301487d8396830000', null, null, '408948b6487827800148782784e90001', 'admin', null);
INSERT INTO "ORG_FUNCROLEREL" VALUES ('408948b6487d7fe301487d8396890001', null, null, '408948b6487827800148782784f20002', 'admin', null);
INSERT INTO "ORG_FUNCROLEREL" VALUES ('408948ec48813a8a01488280112a0140', null, null, '408948b6487827800148782784f20002', '408948ec48813a8a01488204afdd0079', null);
INSERT INTO "ORG_FUNCROLEREL" VALUES ('408948ec48813a8a01488280112a0141', null, null, '408948b6487827800148782784f80003', '408948ec48813a8a01488204afdd0079', null);
INSERT INTO "ORG_FUNCROLEREL" VALUES ('408948ec48813a8a01488280112a0142', null, null, '408948b6487827800148782785430010', '408948ec48813a8a01488204afdd0079', null);
INSERT INTO "ORG_FUNCROLEREL" VALUES ('408948ec48813a8a01488280112a0143', null, null, '408948b6487827800148782785480011', '408948ec48813a8a01488204afdd0079', null);
INSERT INTO "ORG_FUNCROLEREL" VALUES ('408948b6487d7fe301487d8396890002', null, null, '408948b6487827800148782784f80003', 'admin', null);
INSERT INTO "ORG_FUNCROLEREL" VALUES ('408948b6487d7fe301487d8396890003', null, null, '408948b6487827800148782785010004', 'admin', null);
INSERT INTO "ORG_FUNCROLEREL" VALUES ('408948b6487d7fe301487d8396890004', null, null, '408948b6487827800148782785060005', 'admin', null);
INSERT INTO "ORG_FUNCROLEREL" VALUES ('408948b6487d7fe301487d8396890005', null, null, '408948b6487827800148782785480011', 'admin', null);
INSERT INTO "ORG_FUNCROLEREL" VALUES ('408948b6487d7fe301487d83968a0006', null, null, '408948b64878278001487827854d0012', 'admin', null);
INSERT INTO "ORG_FUNCROLEREL" VALUES ('408948b6487d7fe301487d83968a0007', null, null, '408948b6487827800148782785510013', 'admin', null);
INSERT INTO "ORG_FUNCROLEREL" VALUES ('408948b6487d7fe301487d83968a0008', null, null, '408948b6487827800148782785560014', 'admin', null);
INSERT INTO "ORG_FUNCROLEREL" VALUES ('408948b6487d7fe301487d83968a0009', null, null, '408948b64878278001487827855f0015', 'admin', null);
INSERT INTO "ORG_FUNCROLEREL" VALUES ('408948b6487d7fe301487d83968a000a', null, null, '408948b6487827800148782785640016', 'admin', null);
INSERT INTO "ORG_FUNCROLEREL" VALUES ('408948b6487d7fe301487d83968a000b', null, null, '408948b6487827800148782785a50022', 'admin', null);
INSERT INTO "ORG_FUNCROLEREL" VALUES ('408948b6487d7fe301487d83968a000c', null, null, '408948b6487827800148782785aa0023', 'admin', null);
INSERT INTO "ORG_FUNCROLEREL" VALUES ('408948b6487d7fe301487d83968a000d', null, null, '408948b6487827800148782785b30024', 'admin', null);
INSERT INTO "ORG_FUNCROLEREL" VALUES ('408948b6487d7fe301487d83968a000e', null, null, '408948b6487827800148782785b80025', 'admin', null);
INSERT INTO "ORG_FUNCROLEREL" VALUES ('408948b6487d7fe301487d83968a000f', null, null, '408948b6487827800148782785bd0026', 'admin', null);
INSERT INTO "ORG_FUNCROLEREL" VALUES ('408948b6487d7fe301487d83968b0010', null, null, '408948b6487827800148782785c60027', 'admin', null);
INSERT INTO "ORG_FUNCROLEREL" VALUES ('408948ec48813a8a01488280112a0144', null, null, '408948b64878278001487827854d0012', '408948ec48813a8a01488204afdd0079', null);
INSERT INTO "ORG_FUNCROLEREL" VALUES ('408948ec48813a8a01488280112a0145', null, null, '408948b6487827800148782785510013', '408948ec48813a8a01488204afdd0079', null);
INSERT INTO "ORG_FUNCROLEREL" VALUES ('408948ec48813a8a01488280112a0146', null, null, '408948b6487827800148782785aa0023', '408948ec48813a8a01488204afdd0079', null);
INSERT INTO "ORG_FUNCROLEREL" VALUES ('408948ec48813a8a01488280112a0147', null, null, '408948b6487827800148782785b30024', '408948ec48813a8a01488204afdd0079', null);
INSERT INTO "ORG_FUNCROLEREL" VALUES ('408948ec48813a8a01488280112a0148', null, null, '408948b6487827800148782785b80025', '408948ec48813a8a01488204afdd0079', null);
INSERT INTO "ORG_FUNCROLEREL" VALUES ('408948ec48813a8a01488280112a0149', null, null, '408948b6487827800148782785bd0026', '408948ec48813a8a01488204afdd0079', null);
INSERT INTO "ORG_FUNCROLEREL" VALUES ('408948ec48813a8a01488280112a014a', null, null, '408948b6487827800148782785c60027', '408948ec48813a8a01488204afdd0079', null);
INSERT INTO "ORG_FUNCROLEREL" VALUES ('408948ec48813a8a0148827f926a013e', null, null, '408948b6487827800148782785cf0029', '408948ec48813a8a01488203e6670078', null);
INSERT INTO "ORG_FUNCROLEREL" VALUES ('408948ec48813a8a01488280112a014b', null, null, '408948b6487827800148782785cb0028', '408948ec48813a8a01488204afdd0079', null);
INSERT INTO "ORG_FUNCROLEREL" VALUES ('408948ec48813a8a01488280112a013f', null, null, '408948b6487827800148782784e90001', '408948ec48813a8a01488204afdd0079', null);
INSERT INTO "ORG_FUNCROLEREL" VALUES ('408948ec48813a8a01488280112a014c', null, null, '408948b6487827800148782785cf0029', '408948ec48813a8a01488204afdd0079', null);
INSERT INTO "ORG_FUNCROLEREL" VALUES ('408948b6487d7fe301487d83968b0011', null, null, '408948b6487827800148782785cb0028', 'admin', null);
INSERT INTO "ORG_FUNCROLEREL" VALUES ('408948b6487d7fe301487d83968b0012', null, null, '408948b6487827800148782785cf0029', 'admin', null);
INSERT INTO "ORG_FUNCROLEREL" VALUES ('408948b6487d7fe301487d83968b0013', null, null, '408948b6487827800148782785d4002a', 'admin', null);
INSERT INTO "ORG_FUNCROLEREL" VALUES ('408948b6487d7fe301487d83968b0014', null, null, '408948b6487827800148782785de002b', 'admin', null);
INSERT INTO "ORG_FUNCROLEREL" VALUES ('408948ec48813a8a0148828093c1015b', null, null, '408948b6487827800148782784e90001', '408948ec48813a8a014881c00b68006e', null);
INSERT INTO "ORG_FUNCROLEREL" VALUES ('408948ec48813a8a0148828093c1015c', null, null, '408948b6487827800148782784f20002', '408948ec48813a8a014881c00b68006e', null);
INSERT INTO "ORG_FUNCROLEREL" VALUES ('408948ec48813a8a0148828093c1015d', null, null, '408948b6487827800148782784f80003', '408948ec48813a8a014881c00b68006e', null);
INSERT INTO "ORG_FUNCROLEREL" VALUES ('408948ec48813a8a0148828093c1015e', null, null, '408948b6487827800148782785060005', '408948ec48813a8a014881c00b68006e', null);
INSERT INTO "ORG_FUNCROLEREL" VALUES ('408948ec48813a8a0148828093c1015f', null, null, '408948b6487827800148782785480011', '408948ec48813a8a014881c00b68006e', null);
INSERT INTO "ORG_FUNCROLEREL" VALUES ('408948ec48813a8a0148828093c10160', null, null, '408948b64878278001487827854d0012', '408948ec48813a8a014881c00b68006e', null);
INSERT INTO "ORG_FUNCROLEREL" VALUES ('408948ec48813a8a0148828093c10161', null, null, '408948b6487827800148782785510013', '408948ec48813a8a014881c00b68006e', null);
INSERT INTO "ORG_FUNCROLEREL" VALUES ('408948ec48813a8a0148828093c10162', null, null, '408948b6487827800148782785aa0023', '408948ec48813a8a014881c00b68006e', null);
INSERT INTO "ORG_FUNCROLEREL" VALUES ('408948ec48813a8a0148828093c10163', null, null, '408948b6487827800148782785b30024', '408948ec48813a8a014881c00b68006e', null);
INSERT INTO "ORG_FUNCROLEREL" VALUES ('408948ec48813a8a0148828093c10164', null, null, '408948b6487827800148782785b80025', '408948ec48813a8a014881c00b68006e', null);
INSERT INTO "ORG_FUNCROLEREL" VALUES ('408948ec48813a8a0148828093c10165', null, null, '408948b6487827800148782785bd0026', '408948ec48813a8a014881c00b68006e', null);
INSERT INTO "ORG_FUNCROLEREL" VALUES ('408948ec48813a8a0148827def2a00fa', null, null, '408948b6487827800148782784f20002', '408948ec48813a8a01488202d71c0074', null);
INSERT INTO "ORG_FUNCROLEREL" VALUES ('408948ec48813a8a0148827def2a00fb', null, null, '408948b6487827800148782784f80003', '408948ec48813a8a01488202d71c0074', null);
INSERT INTO "ORG_FUNCROLEREL" VALUES ('408948b648632eb70148635565e10000', null, null, '408948b6485888340148588838d1000b', '408948b64843c5d6014843cd7f7f0000', null);
INSERT INTO "ORG_FUNCROLEREL" VALUES ('408948b648632eb70148635566050001', null, null, '408948b6485888340148588838dc000c', '408948b64843c5d6014843cd7f7f0000', null);
INSERT INTO "ORG_FUNCROLEREL" VALUES ('408948b648632eb70148635566050002', null, null, '408948b6485888340148588838e3000d', '408948b64843c5d6014843cd7f7f0000', null);
INSERT INTO "ORG_FUNCROLEREL" VALUES ('408948b648632eb70148635566050003', null, null, '408948b6485888340148588838eb000e', '408948b64843c5d6014843cd7f7f0000', null);
INSERT INTO "ORG_FUNCROLEREL" VALUES ('408948b648632eb70148635566050004', null, null, '408948b6485888340148588838f6000f', '408948b64843c5d6014843cd7f7f0000', null);
INSERT INTO "ORG_FUNCROLEREL" VALUES ('408948b648632eb70148635566050005', null, null, '408948b6485888340148588838fe0010', '408948b64843c5d6014843cd7f7f0000', null);
INSERT INTO "ORG_FUNCROLEREL" VALUES ('408948b648632eb70148635566050006', null, null, '408948b6485888340148588839040011', '408948b64843c5d6014843cd7f7f0000', null);
INSERT INTO "ORG_FUNCROLEREL" VALUES ('408948ec48813a8a0148827def2a00fc', null, null, '408948b648782780014878278521000a', '408948ec48813a8a01488202d71c0074', null);
INSERT INTO "ORG_FUNCROLEREL" VALUES ('408948ec48813a8a0148827def2a00fd', null, null, '408948b6487827800148782785480011', '408948ec48813a8a01488202d71c0074', null);
INSERT INTO "ORG_FUNCROLEREL" VALUES ('408948ec48813a8a0148827def2a00fe', null, null, '408948b64878278001487827854d0012', '408948ec48813a8a01488202d71c0074', null);
INSERT INTO "ORG_FUNCROLEREL" VALUES ('408948ec48813a8a0148827def2a00ff', null, null, '408948b6487827800148782785510013', '408948ec48813a8a01488202d71c0074', null);
INSERT INTO "ORG_FUNCROLEREL" VALUES ('408948ec48813a8a0148827def2a0100', null, null, '408948b6487827800148782785aa0023', '408948ec48813a8a01488202d71c0074', null);
INSERT INTO "ORG_FUNCROLEREL" VALUES ('408948ec48813a8a0148827def2a0101', null, null, '408948b6487827800148782785b30024', '408948ec48813a8a01488202d71c0074', null);
INSERT INTO "ORG_FUNCROLEREL" VALUES ('408948ec48813a8a01488287c9cc01ae', null, null, '408948b6487827800148782785aa0023', '408948ec48813a8a0148819655010048', null);
INSERT INTO "ORG_FUNCROLEREL" VALUES ('408948ec48813a8a01488287c9cc01af', null, null, '408948b6487827800148782785b30024', '408948ec48813a8a0148819655010048', null);
INSERT INTO "ORG_FUNCROLEREL" VALUES ('408948ec48813a8a01488287c9cc01b0', null, null, '408948b6487827800148782785b80025', '408948ec48813a8a0148819655010048', null);
INSERT INTO "ORG_FUNCROLEREL" VALUES ('408948ec48813a8a01488287c9cc01b1', null, null, '408948b6487827800148782785bd0026', '408948ec48813a8a0148819655010048', null);
INSERT INTO "ORG_FUNCROLEREL" VALUES ('408948ec48813a8a01488287c9cc01b2', null, null, '408948b6487827800148782785c60027', '408948ec48813a8a0148819655010048', null);
INSERT INTO "ORG_FUNCROLEREL" VALUES ('408948ec48813a8a01488287c9cc01b3', null, null, '408948b6487827800148782785cb0028', '408948ec48813a8a0148819655010048', null);
INSERT INTO "ORG_FUNCROLEREL" VALUES ('408948ec48813a8a01488287c9dc01b4', null, null, '408948b6487827800148782785cf0029', '408948ec48813a8a0148819655010048', null);
INSERT INTO "ORG_FUNCROLEREL" VALUES ('408948ec48813a8a01488287c9dc01b5', null, null, '408948b6487827800148782785d4002a', '408948ec48813a8a0148819655010048', null);
INSERT INTO "ORG_FUNCROLEREL" VALUES ('408948ec48813a8a01488287c9dc01b6', null, null, '408948b6487827800148782785de002b', '408948ec48813a8a0148819655010048', null);
INSERT INTO "ORG_FUNCROLEREL" VALUES ('408948ec48813a8a01488281460f0197', null, null, '408948b6487827800148782785cb0028', '408948ec48813a8a014881c17d5c0071', null);
INSERT INTO "ORG_FUNCROLEREL" VALUES ('4028f8fa48633e5e0148633f14630001', null, null, '408948b6485888340148588838880002', 'admin', null);
INSERT INTO "ORG_FUNCROLEREL" VALUES ('4028f8fa48633e5e0148633f14630002', null, null, '408948b64858883401485888389c0004', 'admin', null);
INSERT INTO "ORG_FUNCROLEREL" VALUES ('4028f8fa48633e5e0148633f14630003', null, null, '408948b6485888340148588838a30005', 'admin', null);
INSERT INTO "ORG_FUNCROLEREL" VALUES ('4028f8fa48633e5e0148633f14630004', null, null, '408948b6485888340148588838d1000b', 'admin', null);
INSERT INTO "ORG_FUNCROLEREL" VALUES ('4028f8ea486856300148688985db0002', null, null, '408948b64858883401485888388e0003', '408948b6483e66e801483e671e090000', null);
INSERT INTO "ORG_FUNCROLEREL" VALUES ('4028f8ea486856300148688985db0003', null, null, '408948b64858883401485888389c0004', '408948b6483e66e801483e671e090000', null);
INSERT INTO "ORG_FUNCROLEREL" VALUES ('4028f8ea486856300148688985db0004', null, null, '408948b6485888340148588838a30005', '408948b6483e66e801483e671e090000', null);
INSERT INTO "ORG_FUNCROLEREL" VALUES ('4028f8ea486856300148688985db0005', null, null, '408948b6485888340148588838aa0006', '408948b6483e66e801483e671e090000', null);
INSERT INTO "ORG_FUNCROLEREL" VALUES ('4028f8fa48633e5e0148633f14630005', null, null, '408948b6485888340148588838dc000c', 'admin', null);
INSERT INTO "ORG_FUNCROLEREL" VALUES ('4028f8fa48633e5e0148633f14630006', null, null, '408948b6485888340148588838e3000d', 'admin', null);
INSERT INTO "ORG_FUNCROLEREL" VALUES ('4028f8ea486856300148688985db0001', null, null, '408948b6485888340148588838880002', '408948b6483e66e801483e671e090000', null);
INSERT INTO "ORG_FUNCROLEREL" VALUES ('4028f8ea486856300148688985db0006', null, null, '408948b6485888340148588838af0007', '408948b6483e66e801483e671e090000', null);
INSERT INTO "ORG_FUNCROLEREL" VALUES ('4028f8ea486856300148688985db0007', null, null, '408948b6485888340148588838b60008', '408948b6483e66e801483e671e090000', null);
INSERT INTO "ORG_FUNCROLEREL" VALUES ('4028f8ea486856300148688985db0008', null, null, '408948b6485888340148588838c20009', '408948b6483e66e801483e671e090000', null);
INSERT INTO "ORG_FUNCROLEREL" VALUES ('4028f8ea486856300148688985db0009', null, null, '408948b6485888340148588838cb000a', '408948b6483e66e801483e671e090000', null);
INSERT INTO "ORG_FUNCROLEREL" VALUES ('408948ec48813a8a01488190426d003b', null, null, '408948b6487827800148782784e90001', '408948ec48813a8a0148818e69cb0037', null);
INSERT INTO "ORG_FUNCROLEREL" VALUES ('408948ec48813a8a01488190426d003c', null, null, '408948b6487827800148782784f20002', '408948ec48813a8a0148818e69cb0037', null);
INSERT INTO "ORG_FUNCROLEREL" VALUES ('408948af4877ea2101487800bc340004', null, null, '408948b648690af40148690af86c0002', '408948af4877ea210148780038a90001', null);
INSERT INTO "ORG_FUNCROLEREL" VALUES ('408948af4877ea2101487800bc340005', null, null, '408948b648690af40148690af89f000a', '408948af4877ea210148780038a90001', null);
INSERT INTO "ORG_FUNCROLEREL" VALUES ('408948ec48813a8a01488190426d003d', null, null, '408948b6487827800148782785060005', '408948ec48813a8a0148818e69cb0037', null);
INSERT INTO "ORG_FUNCROLEREL" VALUES ('408948ec48813a8a01488190427d003e', null, null, '408948b6487827800148782785aa0023', '408948ec48813a8a0148818e69cb0037', null);
INSERT INTO "ORG_FUNCROLEREL" VALUES ('408948ec48813a8a01488190427d003f', null, null, '408948b6487827800148782785b30024', '408948ec48813a8a0148818e69cb0037', null);
INSERT INTO "ORG_FUNCROLEREL" VALUES ('408948ec48813a8a01488190427d0040', null, null, '408948b6487827800148782785b80025', '408948ec48813a8a0148818e69cb0037', null);
INSERT INTO "ORG_FUNCROLEREL" VALUES ('408948ec48813a8a01488190427d0041', null, null, '408948b6487827800148782785bd0026', '408948ec48813a8a0148818e69cb0037', null);
INSERT INTO "ORG_FUNCROLEREL" VALUES ('408948ec48813a8a01488190427d0042', null, null, '408948b6487827800148782785c60027', '408948ec48813a8a0148818e69cb0037', null);
INSERT INTO "ORG_FUNCROLEREL" VALUES ('408948ec48813a8a01488190427d0043', null, null, '408948b6487827800148782785cb0028', '408948ec48813a8a0148818e69cb0037', null);
INSERT INTO "ORG_FUNCROLEREL" VALUES ('408948ec48813a8a01488190427d0044', null, null, '408948b6487827800148782785cf0029', '408948ec48813a8a0148818e69cb0037', null);
INSERT INTO "ORG_FUNCROLEREL" VALUES ('408948ec48813a8a01488190427d0045', null, null, '408948b6487827800148782785d4002a', '408948ec48813a8a0148818e69cb0037', null);
INSERT INTO "ORG_FUNCROLEREL" VALUES ('408948ec48813a8a01488190427d0046', null, null, '408948b6487827800148782785de002b', '408948ec48813a8a0148818e69cb0037', null);
INSERT INTO "ORG_FUNCROLEREL" VALUES ('408948ec48813a8a0148827e6e670107', null, null, '408948b6487827800148782784e90001', '408948ec48813a8a014882032b630075', null);
INSERT INTO "ORG_FUNCROLEREL" VALUES ('408948ec48813a8a0148827e6e670108', null, null, '408948b6487827800148782784f20002', '408948ec48813a8a014882032b630075', null);
INSERT INTO "ORG_FUNCROLEREL" VALUES ('408948ec48813a8a0148827e6e670109', null, null, '408948b6487827800148782784f80003', '408948ec48813a8a014882032b630075', null);
INSERT INTO "ORG_FUNCROLEREL" VALUES ('408948ec48813a8a0148827e6e67010a', null, null, '408948b648782780014878278531000d', '408948ec48813a8a014882032b630075', null);
INSERT INTO "ORG_FUNCROLEREL" VALUES ('408948ec48813a8a0148827e6e67010b', null, null, '408948b6487827800148782785480011', '408948ec48813a8a014882032b630075', null);
INSERT INTO "ORG_FUNCROLEREL" VALUES ('408948ec48813a8a0148827e6e67010c', null, null, '408948b64878278001487827854d0012', '408948ec48813a8a014882032b630075', null);
INSERT INTO "ORG_FUNCROLEREL" VALUES ('408948ec48813a8a0148827e6e67010d', null, null, '408948b6487827800148782785510013', '408948ec48813a8a014882032b630075', null);
INSERT INTO "ORG_FUNCROLEREL" VALUES ('408948ec48813a8a0148827e6e67010e', null, null, '408948b6487827800148782785aa0023', '408948ec48813a8a014882032b630075', null);
INSERT INTO "ORG_FUNCROLEREL" VALUES ('408948ec48813a8a0148827e6e67010f', null, null, '408948b6487827800148782785b30024', '408948ec48813a8a014882032b630075', null);
INSERT INTO "ORG_FUNCROLEREL" VALUES ('408948ec48813a8a0148827e6e670110', null, null, '408948b6487827800148782785b80025', '408948ec48813a8a014882032b630075', null);
INSERT INTO "ORG_FUNCROLEREL" VALUES ('408948ec48813a8a0148827e6e670111', null, null, '408948b6487827800148782785bd0026', '408948ec48813a8a014882032b630075', null);
INSERT INTO "ORG_FUNCROLEREL" VALUES ('408948ec48813a8a0148827e6e670112', null, null, '408948b6487827800148782785c60027', '408948ec48813a8a014882032b630075', null);
INSERT INTO "ORG_FUNCROLEREL" VALUES ('408948ec48813a8a0148827e6e670113', null, null, '408948b6487827800148782785cb0028', '408948ec48813a8a014882032b630075', null);
INSERT INTO "ORG_FUNCROLEREL" VALUES ('408948ec48813a8a01488281460f018c', null, null, '408948b6487827800148782784f20002', '408948ec48813a8a014881c17d5c0071', null);
INSERT INTO "ORG_FUNCROLEREL" VALUES ('408948ec48813a8a014882816d4d0199', null, null, '408948b6487827800148782784e90001', '408948ec48813a8a0148820250410072', null);
INSERT INTO "ORG_FUNCROLEREL" VALUES ('408948ec48813a8a014882816d4d019a', null, null, '408948b6487827800148782784f20002', '408948ec48813a8a0148820250410072', null);
INSERT INTO "ORG_FUNCROLEREL" VALUES ('408948ec48813a8a014882816d4d019b', null, null, '408948b6487827800148782784f80003', '408948ec48813a8a0148820250410072', null);
INSERT INTO "ORG_FUNCROLEREL" VALUES ('408948ec48813a8a014882816d5d019c', null, null, '408948b64878278001487827851c0009', '408948ec48813a8a0148820250410072', null);
INSERT INTO "ORG_FUNCROLEREL" VALUES ('408948ec48813a8a014882816d5d019d', null, null, '408948b6487827800148782785480011', '408948ec48813a8a0148820250410072', null);
INSERT INTO "ORG_FUNCROLEREL" VALUES ('408948ec48813a8a014882816d5d019e', null, null, '408948b64878278001487827854d0012', '408948ec48813a8a0148820250410072', null);
INSERT INTO "ORG_FUNCROLEREL" VALUES ('408948ec48813a8a014882816d5d019f', null, null, '408948b6487827800148782785510013', '408948ec48813a8a0148820250410072', null);
INSERT INTO "ORG_FUNCROLEREL" VALUES ('408948ec48813a8a014882816d5d01a0', null, null, '408948b6487827800148782785aa0023', '408948ec48813a8a0148820250410072', null);
INSERT INTO "ORG_FUNCROLEREL" VALUES ('408948ec48813a8a014882816d5d01a1', null, null, '408948b6487827800148782785b30024', '408948ec48813a8a0148820250410072', null);
INSERT INTO "ORG_FUNCROLEREL" VALUES ('408948ec48813a8a014882816d5d01a2', null, null, '408948b6487827800148782785b80025', '408948ec48813a8a0148820250410072', null);
INSERT INTO "ORG_FUNCROLEREL" VALUES ('408948ec48813a8a014882816d5d01a3', null, null, '408948b6487827800148782785bd0026', '408948ec48813a8a0148820250410072', null);
INSERT INTO "ORG_FUNCROLEREL" VALUES ('408948ec48813a8a014882816d5d01a4', null, null, '408948b6487827800148782785c60027', '408948ec48813a8a0148820250410072', null);
INSERT INTO "ORG_FUNCROLEREL" VALUES ('408948ec48813a8a014882816d5d01a5', null, null, '408948b6487827800148782785cb0028', '408948ec48813a8a0148820250410072', null);
INSERT INTO "ORG_FUNCROLEREL" VALUES ('408948ec48813a8a0148827e6e670114', null, null, '408948b6487827800148782785cf0029', '408948ec48813a8a014882032b630075', null);
INSERT INTO "ORG_FUNCROLEREL" VALUES ('408948ec48813a8a0148827ed0c10115', null, null, '408948b6487827800148782784e90001', '408948ec48813a8a0148820361700076', null);
INSERT INTO "ORG_FUNCROLEREL" VALUES ('408948ec48813a8a014882c2d7fe01b8', null, null, '408948b6487827800148782784e90001', '408948ec48813a8a014881c146930070', null);
INSERT INTO "ORG_FUNCROLEREL" VALUES ('408948ec48813a8a014882c2d7fe01b9', null, null, '408948b6487827800148782784f20002', '408948ec48813a8a014881c146930070', null);
INSERT INTO "ORG_FUNCROLEREL" VALUES ('408948ec48813a8a014882c2d7fe01ba', null, null, '408948b6487827800148782784f80003', '408948ec48813a8a014881c146930070', null);
INSERT INTO "ORG_FUNCROLEREL" VALUES ('408948ec48813a8a014882c2d7fe01bb', null, null, '408948b6487827800148782785100007', '408948ec48813a8a014881c146930070', null);
INSERT INTO "ORG_FUNCROLEREL" VALUES ('408948ec48813a8a014882c2d7fe01bc', null, null, '408948b6487827800148782785480011', '408948ec48813a8a014881c146930070', null);
INSERT INTO "ORG_FUNCROLEREL" VALUES ('408948ec48813a8a014882c2d7fe01bd', null, null, '408948b64878278001487827854d0012', '408948ec48813a8a014881c146930070', null);
INSERT INTO "ORG_FUNCROLEREL" VALUES ('408948ec48813a8a014882c2d7fe01be', null, null, '408948b6487827800148782785510013', '408948ec48813a8a014881c146930070', null);
INSERT INTO "ORG_FUNCROLEREL" VALUES ('408948ec48813a8a014882c2d7fe01bf', null, null, '408948b6487827800148782785aa0023', '408948ec48813a8a014881c146930070', null);
INSERT INTO "ORG_FUNCROLEREL" VALUES ('408948ec48813a8a014882c2d7fe01c0', null, null, '408948b6487827800148782785b30024', '408948ec48813a8a014881c146930070', null);
INSERT INTO "ORG_FUNCROLEREL" VALUES ('408948ec48813a8a014882c2d7fe01c1', null, null, '408948b6487827800148782785b80025', '408948ec48813a8a014881c146930070', null);
INSERT INTO "ORG_FUNCROLEREL" VALUES ('408948ec48813a8a014882c2d7fe01c2', null, null, '408948b6487827800148782785bd0026', '408948ec48813a8a014881c146930070', null);
INSERT INTO "ORG_FUNCROLEREL" VALUES ('408948ec48813a8a014882c2d7fe01c3', null, null, '408948b6487827800148782785c60027', '408948ec48813a8a014881c146930070', null);
INSERT INTO "ORG_FUNCROLEREL" VALUES ('408948ec48813a8a014882c2d7fe01c4', null, null, '408948b6487827800148782785cb0028', '408948ec48813a8a014881c146930070', null);
INSERT INTO "ORG_FUNCROLEREL" VALUES ('408948ec48813a8a014882c2d7fe01c5', null, null, '408948b6487827800148782785cf0029', '408948ec48813a8a014881c146930070', null);
INSERT INTO "ORG_FUNCROLEREL" VALUES ('408948ec48813a8a014882c2d7fe01c6', null, null, '408948b6487827800148782785d4002a', '408948ec48813a8a014881c146930070', null);
INSERT INTO "ORG_FUNCROLEREL" VALUES ('408948ec48813a8a014882c2d7fe01c7', null, null, '408948b6487827800148782785de002b', '408948ec48813a8a014881c146930070', null);
INSERT INTO "ORG_FUNCROLEREL" VALUES ('408948ec48813a8a0148827ed0c10116', null, null, '408948b6487827800148782784f20002', '408948ec48813a8a0148820361700076', null);
INSERT INTO "ORG_FUNCROLEREL" VALUES ('408948ec48813a8a0148827ed0c10117', null, null, '408948b6487827800148782784f80003', '408948ec48813a8a0148820361700076', null);
INSERT INTO "ORG_FUNCROLEREL" VALUES ('408948ec48813a8a01488281460f018d', null, null, '408948b6487827800148782784f80003', '408948ec48813a8a014881c17d5c0071', null);
INSERT INTO "ORG_FUNCROLEREL" VALUES ('408948ec48813a8a01488281460f018e', null, null, '408948b6487827800148782785160008', '408948ec48813a8a014881c17d5c0071', null);
INSERT INTO "ORG_FUNCROLEREL" VALUES ('408948ec48813a8a01488281460f018f', null, null, '408948b6487827800148782785480011', '408948ec48813a8a014881c17d5c0071', null);
INSERT INTO "ORG_FUNCROLEREL" VALUES ('408948ec48813a8a01488281460f0190', null, null, '408948b64878278001487827854d0012', '408948ec48813a8a014881c17d5c0071', null);
INSERT INTO "ORG_FUNCROLEREL" VALUES ('408948ec48813a8a01488281460f0191', null, null, '408948b6487827800148782785510013', '408948ec48813a8a014881c17d5c0071', null);
INSERT INTO "ORG_FUNCROLEREL" VALUES ('408948ec48813a8a01488281460f0192', null, null, '408948b6487827800148782785aa0023', '408948ec48813a8a014881c17d5c0071', null);
INSERT INTO "ORG_FUNCROLEREL" VALUES ('408948ec48813a8a01488281460f0193', null, null, '408948b6487827800148782785b30024', '408948ec48813a8a014881c17d5c0071', null);
INSERT INTO "ORG_FUNCROLEREL" VALUES ('408948ec48813a8a01488281460f0194', null, null, '408948b6487827800148782785b80025', '408948ec48813a8a014881c17d5c0071', null);
INSERT INTO "ORG_FUNCROLEREL" VALUES ('408948ec48813a8a01488281460f0195', null, null, '408948b6487827800148782785bd0026', '408948ec48813a8a014881c17d5c0071', null);
INSERT INTO "ORG_FUNCROLEREL" VALUES ('408948ec48813a8a01488281460f0196', null, null, '408948b6487827800148782785c60027', '408948ec48813a8a014881c17d5c0071', null);
INSERT INTO "ORG_FUNCROLEREL" VALUES ('408948ec48813a8a014882816d5d01a6', null, null, '408948b6487827800148782785cf0029', '408948ec48813a8a0148820250410072', null);
INSERT INTO "ORG_FUNCROLEREL" VALUES ('408948ec48813a8a0148827ed0c10118', null, null, '408948b648782780014878278537000e', '408948ec48813a8a0148820361700076', null);
INSERT INTO "ORG_FUNCROLEREL" VALUES ('408948ec48813a8a0148827ed0c10119', null, null, '408948b6487827800148782785480011', '408948ec48813a8a0148820361700076', null);
INSERT INTO "ORG_FUNCROLEREL" VALUES ('408948ec48813a8a0148827ed0c1011a', null, null, '408948b64878278001487827854d0012', '408948ec48813a8a0148820361700076', null);
INSERT INTO "ORG_FUNCROLEREL" VALUES ('408948ec48813a8a0148827ed0c1011b', null, null, '408948b6487827800148782785510013', '408948ec48813a8a0148820361700076', null);
INSERT INTO "ORG_FUNCROLEREL" VALUES ('408948ec48813a8a0148827ed0c1011c', null, null, '408948b6487827800148782785aa0023', '408948ec48813a8a0148820361700076', null);
INSERT INTO "ORG_FUNCROLEREL" VALUES ('408948ec48813a8a0148827ed0c1011d', null, null, '408948b6487827800148782785b30024', '408948ec48813a8a0148820361700076', null);
INSERT INTO "ORG_FUNCROLEREL" VALUES ('408948ec48813a8a0148827ed0c1011e', null, null, '408948b6487827800148782785b80025', '408948ec48813a8a0148820361700076', null);
INSERT INTO "ORG_FUNCROLEREL" VALUES ('408948ec48813a8a0148827ed0c1011f', null, null, '408948b6487827800148782785bd0026', '408948ec48813a8a0148820361700076', null);
INSERT INTO "ORG_FUNCROLEREL" VALUES ('408948ec48813a8a0148827ed0c10120', null, null, '408948b6487827800148782785c60027', '408948ec48813a8a0148820361700076', null);
INSERT INTO "ORG_FUNCROLEREL" VALUES ('408948ec48813a8a0148827ed0c10121', null, null, '408948b6487827800148782785cb0028', '408948ec48813a8a0148820361700076', null);
INSERT INTO "ORG_FUNCROLEREL" VALUES ('408948ec48813a8a0148827ed0c10122', null, null, '408948b6487827800148782785cf0029', '408948ec48813a8a0148820361700076', null);
INSERT INTO "ORG_FUNCROLEREL" VALUES ('408948ec48813a8a0148827f36c40123', null, null, '408948b6487827800148782784e90001', '408948ec48813a8a01488203a42a0077', null);
INSERT INTO "ORG_FUNCROLEREL" VALUES ('408948ec48813a8a0148827f36c40124', null, null, '408948b6487827800148782784f20002', '408948ec48813a8a01488203a42a0077', null);
INSERT INTO "ORG_FUNCROLEREL" VALUES ('408948ec48813a8a0148827f36c40125', null, null, '408948b6487827800148782784f80003', '408948ec48813a8a01488203a42a0077', null);
INSERT INTO "ORG_FUNCROLEREL" VALUES ('408948ec48813a8a0148827f36c40126', null, null, '408948b64878278001487827853e000f', '408948ec48813a8a01488203a42a0077', null);
INSERT INTO "ORG_FUNCROLEREL" VALUES ('408948ec48813a8a0148827f36c40127', null, null, '408948b6487827800148782785480011', '408948ec48813a8a01488203a42a0077', null);
INSERT INTO "ORG_FUNCROLEREL" VALUES ('408948ec48813a8a0148827f36c40128', null, null, '408948b64878278001487827854d0012', '408948ec48813a8a01488203a42a0077', null);
INSERT INTO "ORG_FUNCROLEREL" VALUES ('408948ec48813a8a0148827f36c40129', null, null, '408948b6487827800148782785510013', '408948ec48813a8a01488203a42a0077', null);
INSERT INTO "ORG_FUNCROLEREL" VALUES ('408948ec48813a8a0148827f36c4012a', null, null, '408948b6487827800148782785aa0023', '408948ec48813a8a01488203a42a0077', null);
INSERT INTO "ORG_FUNCROLEREL" VALUES ('408948ec48813a8a0148827f36c4012b', null, null, '408948b6487827800148782785b30024', '408948ec48813a8a01488203a42a0077', null);
INSERT INTO "ORG_FUNCROLEREL" VALUES ('408948ec48813a8a0148827f36c4012c', null, null, '408948b6487827800148782785b80025', '408948ec48813a8a01488203a42a0077', null);
INSERT INTO "ORG_FUNCROLEREL" VALUES ('408948ec48813a8a0148827f36c4012d', null, null, '408948b6487827800148782785bd0026', '408948ec48813a8a01488203a42a0077', null);
INSERT INTO "ORG_FUNCROLEREL" VALUES ('408948ec48813a8a0148827f36c4012e', null, null, '408948b6487827800148782785c60027', '408948ec48813a8a01488203a42a0077', null);
INSERT INTO "ORG_FUNCROLEREL" VALUES ('408948ec48813a8a0148827f36c4012f', null, null, '408948b6487827800148782785cb0028', '408948ec48813a8a01488203a42a0077', null);
INSERT INTO "ORG_FUNCROLEREL" VALUES ('408948ec48813a8a0148827f36c40130', null, null, '408948b6487827800148782785cf0029', '408948ec48813a8a01488203a42a0077', null);
INSERT INTO "ORG_FUNCROLEREL" VALUES ('408948ec48813a8a0148827f926a0131', null, null, '408948b6487827800148782784e90001', '408948ec48813a8a01488203e6670078', null);
INSERT INTO "ORG_FUNCROLEREL" VALUES ('408948ec48813a8a0148827f926a0132', null, null, '408948b6487827800148782784f20002', '408948ec48813a8a01488203e6670078', null);
INSERT INTO "ORG_FUNCROLEREL" VALUES ('408948ec48813a8a0148827f926a0133', null, null, '408948b6487827800148782784f80003', '408948ec48813a8a01488203e6670078', null);
INSERT INTO "ORG_FUNCROLEREL" VALUES ('408948ec48813a8a0148827f926a0134', null, null, '408948b64878278001487827852c000c', '408948ec48813a8a01488203e6670078', null);
INSERT INTO "ORG_FUNCROLEREL" VALUES ('408948ec48813a8a0148827f926a0135', null, null, '408948b6487827800148782785480011', '408948ec48813a8a01488203e6670078', null);
INSERT INTO "ORG_FUNCROLEREL" VALUES ('408948ec48813a8a0148827f926a0136', null, null, '408948b64878278001487827854d0012', '408948ec48813a8a01488203e6670078', null);
INSERT INTO "ORG_FUNCROLEREL" VALUES ('408948ec48813a8a0148827f926a0137', null, null, '408948b6487827800148782785510013', '408948ec48813a8a01488203e6670078', null);
INSERT INTO "ORG_FUNCROLEREL" VALUES ('408948ec48813a8a0148827f926a0138', null, null, '408948b6487827800148782785aa0023', '408948ec48813a8a01488203e6670078', null);
INSERT INTO "ORG_FUNCROLEREL" VALUES ('408948ec48813a8a0148827f926a0139', null, null, '408948b6487827800148782785b30024', '408948ec48813a8a01488203e6670078', null);
INSERT INTO "ORG_FUNCROLEREL" VALUES ('408948ec48813a8a0148827f926a013a', null, null, '408948b6487827800148782785b80025', '408948ec48813a8a01488203e6670078', null);
INSERT INTO "ORG_FUNCROLEREL" VALUES ('408948ec48813a8a0148827f926a013b', null, null, '408948b6487827800148782785bd0026', '408948ec48813a8a01488203e6670078', null);
INSERT INTO "ORG_FUNCROLEREL" VALUES ('408948ec48813a8a0148827f926a013c', null, null, '408948b6487827800148782785c60027', '408948ec48813a8a01488203e6670078', null);
INSERT INTO "ORG_FUNCROLEREL" VALUES ('408948ec48813a8a0148827f926a013d', null, null, '408948b6487827800148782785cb0028', '408948ec48813a8a01488203e6670078', null);
INSERT INTO "ORG_FUNCROLEREL" VALUES ('408948ec48813a8a01488281460f018b', null, null, '408948b6487827800148782784e90001', '408948ec48813a8a014881c17d5c0071', null);
INSERT INTO "ORG_FUNCROLEREL" VALUES ('408948ec48813a8a0148827def2a0102', null, null, '408948b6487827800148782785b80025', '408948ec48813a8a01488202d71c0074', null);
INSERT INTO "ORG_FUNCROLEREL" VALUES ('408948ec48813a8a0148828093c10167', null, null, '408948b6487827800148782785cb0028', '408948ec48813a8a014881c00b68006e', null);
INSERT INTO "ORG_FUNCROLEREL" VALUES ('408948ec48813a8a0148828093c10168', null, null, '408948b6487827800148782785cf0029', '408948ec48813a8a014881c00b68006e', null);
INSERT INTO "ORG_FUNCROLEREL" VALUES ('408948ec48813a8a0148828093c10169', null, null, '408948b6487827800148782785d4002a', '408948ec48813a8a014881c00b68006e', null);
INSERT INTO "ORG_FUNCROLEREL" VALUES ('408948ec48813a8a0148828093c1016a', null, null, '408948b6487827800148782785de002b', '408948ec48813a8a014881c00b68006e', null);
INSERT INTO "ORG_FUNCROLEREL" VALUES ('408948ec48813a8a01488280d4a7016b', null, null, '408948b6487827800148782784e90001', '408948ec48813a8a014881c0fc99006f', null);
INSERT INTO "ORG_FUNCROLEREL" VALUES ('408948ec48813a8a014881859e84002c', null, null, '408948b6487827800148782784e90001', '408948ec48813a8a0148817bb4d40001', null);
INSERT INTO "ORG_FUNCROLEREL" VALUES ('408948ec48813a8a014881859e84002d', null, null, '408948b6487827800148782784f20002', '408948ec48813a8a0148817bb4d40001', null);
INSERT INTO "ORG_FUNCROLEREL" VALUES ('408948ec48813a8a014881859e84002e', null, null, '408948b6487827800148782785010004', '408948ec48813a8a0148817bb4d40001', null);
INSERT INTO "ORG_FUNCROLEREL" VALUES ('408948ec48813a8a014881859e84002f', null, null, '408948b6487827800148782785aa0023', '408948ec48813a8a0148817bb4d40001', null);
INSERT INTO "ORG_FUNCROLEREL" VALUES ('408948ec48813a8a014881859e840030', null, null, '408948b6487827800148782785b30024', '408948ec48813a8a0148817bb4d40001', null);
INSERT INTO "ORG_FUNCROLEREL" VALUES ('408948ec48813a8a014881859e840031', null, null, '408948b6487827800148782785b80025', '408948ec48813a8a0148817bb4d40001', null);
INSERT INTO "ORG_FUNCROLEREL" VALUES ('408948ec48813a8a014881859e840032', null, null, '408948b6487827800148782785bd0026', '408948ec48813a8a0148817bb4d40001', null);
INSERT INTO "ORG_FUNCROLEREL" VALUES ('408948ec48813a8a014881859e840033', null, null, '408948b6487827800148782785c60027', '408948ec48813a8a0148817bb4d40001', null);
INSERT INTO "ORG_FUNCROLEREL" VALUES ('408948ec48813a8a014881859e840034', null, null, '408948b6487827800148782785cb0028', '408948ec48813a8a0148817bb4d40001', null);
INSERT INTO "ORG_FUNCROLEREL" VALUES ('408948ec48813a8a014881859e840035', null, null, '408948b6487827800148782785cf0029', '408948ec48813a8a0148817bb4d40001', null);
INSERT INTO "ORG_FUNCROLEREL" VALUES ('408948ec48813a8a0148827d93f100eb', null, null, '408948b6487827800148782784e90001', '408948ec48813a8a014882029e7f0073', null);
INSERT INTO "ORG_FUNCROLEREL" VALUES ('408948ec48813a8a0148827d93f100ec', null, null, '408948b6487827800148782784f20002', '408948ec48813a8a014882029e7f0073', null);
INSERT INTO "ORG_FUNCROLEREL" VALUES ('408948ec48813a8a0148827d93f100ed', null, null, '408948b6487827800148782784f80003', '408948ec48813a8a014882029e7f0073', null);
INSERT INTO "ORG_FUNCROLEREL" VALUES ('408948ec48813a8a0148827d93f100ee', null, null, '408948b648782780014878278527000b', '408948ec48813a8a014882029e7f0073', null);
INSERT INTO "ORG_FUNCROLEREL" VALUES ('408948ec48813a8a0148827d93f100ef', null, null, '408948b6487827800148782785480011', '408948ec48813a8a014882029e7f0073', null);
INSERT INTO "ORG_FUNCROLEREL" VALUES ('408948ec48813a8a0148827d93f100f0', null, null, '408948b64878278001487827854d0012', '408948ec48813a8a014882029e7f0073', null);
INSERT INTO "ORG_FUNCROLEREL" VALUES ('408948ec48813a8a0148827d93f100f1', null, null, '408948b6487827800148782785510013', '408948ec48813a8a014882029e7f0073', null);
INSERT INTO "ORG_FUNCROLEREL" VALUES ('408948ec48813a8a0148827d93f100f2', null, null, '408948b6487827800148782785aa0023', '408948ec48813a8a014882029e7f0073', null);
INSERT INTO "ORG_FUNCROLEREL" VALUES ('408948ec48813a8a0148827def2a0103', null, null, '408948b6487827800148782785bd0026', '408948ec48813a8a01488202d71c0074', null);
INSERT INTO "ORG_FUNCROLEREL" VALUES ('408948ec48813a8a01488280d4a7016c', null, null, '408948b6487827800148782784f20002', '408948ec48813a8a014881c0fc99006f', null);
INSERT INTO "ORG_FUNCROLEREL" VALUES ('408948ec48813a8a01488280d4a7016d', null, null, '408948b6487827800148782784f80003', '408948ec48813a8a014881c0fc99006f', null);
INSERT INTO "ORG_FUNCROLEREL" VALUES ('408948ec48813a8a01488280d4a7016e', null, null, '408948b64878278001487827850b0006', '408948ec48813a8a014881c0fc99006f', null);
INSERT INTO "ORG_FUNCROLEREL" VALUES ('408948ec48813a8a01488280d4a7016f', null, null, '408948b6487827800148782785480011', '408948ec48813a8a014881c0fc99006f', null);
INSERT INTO "ORG_FUNCROLEREL" VALUES ('408948ec48813a8a01488280d4a70170', null, null, '408948b64878278001487827854d0012', '408948ec48813a8a014881c0fc99006f', null);
INSERT INTO "ORG_FUNCROLEREL" VALUES ('408948ec48813a8a01488280d4a70171', null, null, '408948b6487827800148782785510013', '408948ec48813a8a014881c0fc99006f', null);
INSERT INTO "ORG_FUNCROLEREL" VALUES ('408948ec48813a8a01488280d4a70172', null, null, '408948b6487827800148782785aa0023', '408948ec48813a8a014881c0fc99006f', null);
INSERT INTO "ORG_FUNCROLEREL" VALUES ('408948ec48813a8a01488280d4a70173', null, null, '408948b6487827800148782785b30024', '408948ec48813a8a014881c0fc99006f', null);
INSERT INTO "ORG_FUNCROLEREL" VALUES ('408948ec48813a8a0148827d93f100f3', null, null, '408948b6487827800148782785b30024', '408948ec48813a8a014882029e7f0073', null);
INSERT INTO "ORG_FUNCROLEREL" VALUES ('408948ec48813a8a0148827d93f100f4', null, null, '408948b6487827800148782785b80025', '408948ec48813a8a014882029e7f0073', null);
INSERT INTO "ORG_FUNCROLEREL" VALUES ('408948ec48813a8a0148827d93f100f5', null, null, '408948b6487827800148782785bd0026', '408948ec48813a8a014882029e7f0073', null);
INSERT INTO "ORG_FUNCROLEREL" VALUES ('408948ec48813a8a0148827d93f100f6', null, null, '408948b6487827800148782785c60027', '408948ec48813a8a014882029e7f0073', null);
INSERT INTO "ORG_FUNCROLEREL" VALUES ('408948ec48813a8a0148827d93f100f7', null, null, '408948b6487827800148782785cb0028', '408948ec48813a8a014882029e7f0073', null);
INSERT INTO "ORG_FUNCROLEREL" VALUES ('408948ec48813a8a0148827d93f100f8', null, null, '408948b6487827800148782785cf0029', '408948ec48813a8a014882029e7f0073', null);
INSERT INTO "ORG_FUNCROLEREL" VALUES ('408948ec48813a8a0148827def2a00f9', null, null, '408948b6487827800148782784e90001', '408948ec48813a8a01488202d71c0074', null);
INSERT INTO "ORG_FUNCROLEREL" VALUES ('408948ec48813a8a0148827def2a0104', null, null, '408948b6487827800148782785c60027', '408948ec48813a8a01488202d71c0074', null);
INSERT INTO "ORG_FUNCROLEREL" VALUES ('408948ec48813a8a0148827def2a0105', null, null, '408948b6487827800148782785cb0028', '408948ec48813a8a01488202d71c0074', null);
INSERT INTO "ORG_FUNCROLEREL" VALUES ('408948ec48813a8a0148827def2a0106', null, null, '408948b6487827800148782785cf0029', '408948ec48813a8a01488202d71c0074', null);
INSERT INTO "ORG_FUNCROLEREL" VALUES ('408948ec48813a8a0148828093c10166', null, null, '408948b6487827800148782785c60027', '408948ec48813a8a014881c00b68006e', null);
INSERT INTO "ORG_FUNCROLEREL" VALUES ('408948ec48813a8a01488280d4a70174', null, null, '408948b6487827800148782785b80025', '408948ec48813a8a014881c0fc99006f', null);
INSERT INTO "ORG_FUNCROLEREL" VALUES ('408948ec48813a8a01488280d4a70175', null, null, '408948b6487827800148782785bd0026', '408948ec48813a8a014881c0fc99006f', null);
INSERT INTO "ORG_FUNCROLEREL" VALUES ('408948ec48813a8a01488280d4a70176', null, null, '408948b6487827800148782785c60027', '408948ec48813a8a014881c0fc99006f', null);
INSERT INTO "ORG_FUNCROLEREL" VALUES ('408948ec48813a8a01488280d4a70177', null, null, '408948b6487827800148782785cb0028', '408948ec48813a8a014881c0fc99006f', null);
INSERT INTO "ORG_FUNCROLEREL" VALUES ('408948ec48813a8a01488280d4a70178', null, null, '408948b6487827800148782785cf0029', '408948ec48813a8a014881c0fc99006f', null);
INSERT INTO "ORG_FUNCROLEREL" VALUES ('408948ec48813a8a01488280d4a70179', null, null, '408948b6487827800148782785d4002a', '408948ec48813a8a014881c0fc99006f', null);
INSERT INTO "ORG_FUNCROLEREL" VALUES ('408948ec48813a8a01488280d4a7017a', null, null, '408948b6487827800148782785de002b', '408948ec48813a8a014881c0fc99006f', null);
INSERT INTO "ORG_FUNCROLEREL" VALUES ('408948ec48813a8a01488281460f0198', null, null, '408948b6487827800148782785cf0029', '408948ec48813a8a014881c17d5c0071', null);
INSERT INTO "ORG_FUNCROLEREL" VALUES ('408948ec48813a8a01488287c9cc01a7', null, null, '408948b6487827800148782784e90001', '408948ec48813a8a0148819655010048', null);
INSERT INTO "ORG_FUNCROLEREL" VALUES ('408948b64877faa7014878101f510028', null, null, '408948b648690af40148690af8610001', 'admin', null);
INSERT INTO "ORG_FUNCROLEREL" VALUES ('408948b64877faa7014878101f520029', null, null, '408948b648690af40148690af86c0002', 'admin', null);
INSERT INTO "ORG_FUNCROLEREL" VALUES ('408948b64877faa7014878101f52002a', null, null, '408948b648690af40148690af8710003', 'admin', null);
INSERT INTO "ORG_FUNCROLEREL" VALUES ('408948b64877faa7014878101f52002b', null, null, '408948b648690af40148690af87a0004', 'admin', null);
INSERT INTO "ORG_FUNCROLEREL" VALUES ('408948b64877faa7014878101f52002c', null, null, '408948b648690af40148690af8820005', 'admin', null);
INSERT INTO "ORG_FUNCROLEREL" VALUES ('408948b64877faa7014878101f52002d', null, null, '408948b648690af40148690af8870006', 'admin', null);
INSERT INTO "ORG_FUNCROLEREL" VALUES ('408948b64877faa7014878101f52002e', null, null, '408948b648690af40148690af93e0026', 'admin', null);
INSERT INTO "ORG_FUNCROLEREL" VALUES ('408948b64877faa7014878101f52002f', null, null, '408948b648690af40148690af9470027', 'admin', null);
INSERT INTO "ORG_FUNCROLEREL" VALUES ('408948b64877faa7014878101f520030', null, null, '408948b648690af40148690af94d0028', 'admin', null);
INSERT INTO "ORG_FUNCROLEREL" VALUES ('408948b64877faa7014878101f520031', null, null, '408948b648690af40148690af9520029', 'admin', null);
INSERT INTO "ORG_FUNCROLEREL" VALUES ('408948ec48813a8a01488287c9cc01a8', null, null, '408948b6487827800148782784f20002', '408948ec48813a8a0148819655010048', null);
INSERT INTO "ORG_FUNCROLEREL" VALUES ('408948ec48813a8a01488287c9cc01a9', null, null, '408948b6487827800148782784f80003', '408948ec48813a8a0148819655010048', null);
INSERT INTO "ORG_FUNCROLEREL" VALUES ('408948ec48813a8a01488287c9cc01aa', null, null, '408948b6487827800148782785010004', '408948ec48813a8a0148819655010048', null);
INSERT INTO "ORG_FUNCROLEREL" VALUES ('408948ec48813a8a01488287c9cc01ab', null, null, '408948b6487827800148782785480011', '408948ec48813a8a0148819655010048', null);
INSERT INTO "ORG_FUNCROLEREL" VALUES ('408948ec48813a8a01488287c9cc01ac', null, null, '408948b64878278001487827854d0012', '408948ec48813a8a0148819655010048', null);
INSERT INTO "ORG_FUNCROLEREL" VALUES ('408948ec48813a8a01488287c9cc01ad', null, null, '408948b6487827800148782785510013', '408948ec48813a8a0148819655010048', null);

-- ----------------------------
-- Table structure for "ORG_ORG"
-- ----------------------------
DROP TABLE "ORG_ORG";
CREATE TABLE "ORG_ORG" (
"ID" VARCHAR2(200 BYTE) NOT NULL ,
"ORGNAME" VARCHAR2(200 BYTE) NULL ,
"SHORTNAME" VARCHAR2(200 BYTE) NULL ,
"ISEFFECT" VARCHAR2(200 BYTE) NULL ,
"TYPE" VARCHAR2(200 BYTE) NULL ,
"SORT" NUMBER NULL ,
"CODE" VARCHAR2(200 BYTE) NULL ,
"PID" VARCHAR2(200 BYTE) NULL ,
"ORGWHOLENAME" VARCHAR2(200 BYTE) NULL 
)
LOGGING
NOCOMPRESS
NOCACHE

;

-- ----------------------------
-- Records of ORG_ORG
-- ----------------------------
INSERT INTO "ORG_ORG" VALUES ('jsy', '计时员', '计时员', 'y', null, '2', 'jsy', '101t', '空军34师/101团/计时员');
INSERT INTO "ORG_ORG" VALUES ('222', '22', '222', 'n', null, '4', '22', '5', '空军34师/100团/222');
INSERT INTO "ORG_ORG" VALUES ('3', 'name', '作战科', 'y', '1', '1', '001', '2', '空军34师/师机关/作战科');
INSERT INTO "ORG_ORG" VALUES ('4', 'name', '军训科', 'y', '1', '2', null, '2', '空军34师/师机关/军训科');
INSERT INTO "ORG_ORG" VALUES ('5', 'name', '100团', 'y', '1', '2', null, 'root', '空军34师/100团');
INSERT INTO "ORG_ORG" VALUES ('6', 'name', '团领导', 'y', '1', '1', null, '5', '空军34师/100团/团领导');
INSERT INTO "ORG_ORG" VALUES ('7', 'name', '作训股', 'y', '1', '2', null, '5', '空军34师/100团/作训股');
INSERT INTO "ORG_ORG" VALUES ('8', 'name', '一大队', 'y', '1', '3', null, '5', '空军34师/100团/一大队');
INSERT INTO "ORG_ORG" VALUES ('cds', '二大队', '二大队', 'y', null, '4', null, '5', '空军34师/100团/二大队');
INSERT INTO "ORG_ORG" VALUES ('root', 'name', '空军34师', 'y', '1', '1', null, '0', '空军34师');
INSERT INTO "ORG_ORG" VALUES ('2', 'name', '师机关', 'y', '1', '1', null, 'root', '空军34师/师机关');
INSERT INTO "ORG_ORG" VALUES ('1111', '2222', '1111', 'n', null, '1', '3333', '3', '空军34师/师机关/作战科/1111');
INSERT INTO "ORG_ORG" VALUES ('ydd', '一大队', '一大队', 'y', null, '1', '1dd', '101t', '空军34师/101团/一大队');
INSERT INTO "ORG_ORG" VALUES ('3213', '3123', '3213', 'n', null, '3', '12312', 'root', '空军34师/3213');
INSERT INTO "ORG_ORG" VALUES ('101t', '101', '101团', 'y', null, '3', '101', 'root', '空军34师/101团');
INSERT INTO "ORG_ORG" VALUES ('312', '31233', '312', 'n', null, '3', '123123', 'root', '空军34师/312');

-- ----------------------------
-- Table structure for "ORG_ROLE"
-- ----------------------------
DROP TABLE "ORG_ROLE";
CREATE TABLE "ORG_ROLE" (
"ID" VARCHAR2(200 BYTE) NOT NULL ,
"ROLENAME" VARCHAR2(200 BYTE) NULL ,
"ROLESIGN" VARCHAR2(200 BYTE) NULL ,
"ISEFFECT" VARCHAR2(200 BYTE) NULL ,
"TYPE" VARCHAR2(200 BYTE) NULL ,
"SORT" NUMBER NULL ,
"ORGID" VARCHAR2(200 BYTE) NULL ,
"DETAILS" VARCHAR2(200 BYTE) NULL ,
"ROLEGROUP" VARCHAR2(200 BYTE) NULL 
)
LOGGING
NOCOMPRESS
NOCACHE

;

-- ----------------------------
-- Records of ORG_ROLE
-- ----------------------------
INSERT INTO "ORG_ROLE" VALUES ('408948ec48813a8a0148817bb4d40001', '计时员', 'jsy', 'n', null, '1', 'jsy', '新建训练', null);
INSERT INTO "ORG_ROLE" VALUES ('408948ec48813a8a014881c0fc99006f', '航空军医', 'xl-hkjy-101', 'y', null, '3', 'ydd', null, null);
INSERT INTO "ORG_ROLE" VALUES ('408948ec48813a8a0148820250410072', '飞行大队', 'xl-fxdd-101', 'y', null, '6', 'ydd', null, null);
INSERT INTO "ORG_ROLE" VALUES ('408948b648822e830148822f0d930000', 'test1', 'test1', 'y', null, '2', 'root', 'test1', null);
INSERT INTO "ORG_ROLE" VALUES ('408948b64843c5d6014843cd7f7f0000', '师领导', '001', 'y', null, '1', '2', null, null);
INSERT INTO "ORG_ROLE" VALUES ('408948ec48813a8a0148819558f80047', '计时员', 'jsy', 'n', null, '1', 'ydd', null, null);
INSERT INTO "ORG_ROLE" VALUES ('408948ec48813a8a0148819655010048', '计时员', 'xl-jsy-101', 'y', null, '1', 'ydd', null, null);
INSERT INTO "ORG_ROLE" VALUES ('408948ec48813a8a014881c146930070', '团指挥员', 'xl-tzhy-101', 'y', null, '4', 'ydd', null, null);
INSERT INTO "ORG_ROLE" VALUES ('408948ec48813a8a014881c17d5c0071', '团首长', 'xl-tsz-101', 'y', null, '5', 'ydd', null, null);
INSERT INTO "ORG_ROLE" VALUES ('admin123', '超级管理员', 'admin', 'n', null, '1', 'root', '非常厉害的较色321', null);
INSERT INTO "ORG_ROLE" VALUES ('2', '师长', 'sz', 'n', null, '2', 'root', null, null);
INSERT INTO "ORG_ROLE" VALUES ('408948b6483a022301483a11db1d0000', '321', '321', null, null, null, 'root', null, null);
INSERT INTO "ORG_ROLE" VALUES ('408948b6483a022301483a12825a0001', '哈哈', '哈哈', null, null, null, 'root', null, null);
INSERT INTO "ORG_ROLE" VALUES ('408948b6483a151101483a1d0b2f0002', 'test', 'test', 'n', null, '5', 'root', '测试员', null);
INSERT INTO "ORG_ROLE" VALUES ('408948b6483a4d3c01483a51315e0000', '321', '321', 'n', null, '2', 'root', '3123', null);
INSERT INTO "ORG_ROLE" VALUES ('408948b6483a4d3c01483a5140d00001', '3123', '3123213', 'n', null, '3', 'root', '12321', null);
INSERT INTO "ORG_ROLE" VALUES ('408948b6483a4d3c01483a55997d0002', '3', '21321', 'n', null, '1', '2', '312', null);
INSERT INTO "ORG_ROLE" VALUES ('408948b6483e66e801483e671e090000', '测试角色', '321', 'n', null, '1', '3', '321', null);
INSERT INTO "ORG_ROLE" VALUES ('408948b6483fa22401483fb743850003', '22', '22', 'y', null, '1', '222', '22', null);
INSERT INTO "ORG_ROLE" VALUES ('408948b6483a151101483a155dd60000', '3123', '312', 'n', null, '3', 'root', null, null);
INSERT INTO "ORG_ROLE" VALUES ('408948b6483a151101483a16a6900001', '321', 'test3', 'n', null, '4', 'root', null, null);
INSERT INTO "ORG_ROLE" VALUES ('408948b6483a3be301483a3d95f30000', '321', 'kj-001', 'n', null, '4', 'root', '312kj-001kj-001kj-0013231kj-001kj-001kj-001kj-001kj-001kj-001kj-001kj-001', null);
INSERT INTO "ORG_ROLE" VALUES ('408948b6483a6fcb01483a7ecd220000', '312', '3213', 'n', null, '2', 'root', '12312', null);
INSERT INTO "ORG_ROLE" VALUES ('408948b6483a6fcb01483a7edcec0001', '312', '321', 'n', null, '3', 'root', '312', null);
INSERT INTO "ORG_ROLE" VALUES ('408948b6483a6fcb01483a8cf8470002', '312', '321', 'n', null, '1', 'root', '312', null);
INSERT INTO "ORG_ROLE" VALUES ('408948b6483a6fcb01483a91bbb30003', '321', '321', 'n', null, '1', '2', '321', null);
INSERT INTO "ORG_ROLE" VALUES ('4028f8fa48633e5e0148633ecdbc0000', '2', '123', 'n', null, '2', 'root', '123', null);
INSERT INTO "ORG_ROLE" VALUES ('408948ec48813a8a0148818e69cb0037', '领航室', 'lhs', 'n', null, '2', 'jsy', null, null);
INSERT INTO "ORG_ROLE" VALUES ('408948b6483a6fcb01483a9367280004', '321', '312', 'n', null, '1', '2', '321', null);
INSERT INTO "ORG_ROLE" VALUES ('408948b6483a6fcb01483a93d54a0005', '312', '321', 'n', null, '1', '2', '312', null);
INSERT INTO "ORG_ROLE" VALUES ('408948b6483a6fcb01483a9523e40006', '312', '312', 'n', null, '1', 'root', '312312', null);
INSERT INTO "ORG_ROLE" VALUES ('408948b6483a6fcb01483a96d6250007', '312', '3', 'n', null, '1', 'root', '21312', null);
INSERT INTO "ORG_ROLE" VALUES ('408948b6483a6fcb01483a96e4640008', '312', '312', 'n', null, '2', 'root', '12312', null);
INSERT INTO "ORG_ROLE" VALUES ('408948b6483a6fcb01483a96f3a80009', '31', '23213123', 'n', null, '3', 'root', null, null);
INSERT INTO "ORG_ROLE" VALUES ('408948b6483a6fcb01483a9a555a000a', '31', '312', 'n', null, '1', 'root', '312', null);
INSERT INTO "ORG_ROLE" VALUES ('admin', '超级管理员', 'ttt', 'y', null, '1', 'root', '321', 'yy');
INSERT INTO "ORG_ROLE" VALUES ('408948b6483e713701483e7201220000', '存储', '123', 'n', null, '2', 'root', '321', null);
INSERT INTO "ORG_ROLE" VALUES ('408948b6483f298f01483f5c656b0000', '俞张平', 'test2', 'n', null, '3', 'root', '111111', null);
INSERT INTO "ORG_ROLE" VALUES ('408948af4877ea210148780038a90001', '机组', 'jz', 'y', null, '1', '101t', '机组55', null);
INSERT INTO "ORG_ROLE" VALUES ('408948ec48813a8a014881c00b68006e', '领航室', 'xl-lhs-101', 'y', null, '2', 'ydd', null, null);
INSERT INTO "ORG_ROLE" VALUES ('408948ec48813a8a014882029e7f0073', '作训室', 'xl-zxs-101', 'y', null, '7', 'ydd', null, null);
INSERT INTO "ORG_ROLE" VALUES ('408948ec48813a8a01488202d71c0074', '机组', 'xl-jz-101', 'y', null, '8', 'ydd', null, null);
INSERT INTO "ORG_ROLE" VALUES ('408948ec48813a8a014882032b630075', '航行科', 'xl-hxk-101', 'y', null, '9', 'ydd', null, null);
INSERT INTO "ORG_ROLE" VALUES ('408948ec48813a8a0148820361700076', '军训科', 'xl-jxk-101', 'y', null, '10', 'ydd', null, null);
INSERT INTO "ORG_ROLE" VALUES ('408948ec48813a8a01488203a42a0077', '调度室', 'xl-dds-101', 'y', null, '11', 'ydd', null, null);
INSERT INTO "ORG_ROLE" VALUES ('408948ec48813a8a01488203e6670078', '场站', 'xl-cz-101', 'y', null, '12', 'ydd', null, null);
INSERT INTO "ORG_ROLE" VALUES ('408948ec48813a8a01488204afdd0079', '机务', 'xl-jw-101', 'y', null, '13', 'ydd', null, null);

-- ----------------------------
-- Table structure for "ORG_USER"
-- ----------------------------
DROP TABLE "ORG_USER";
CREATE TABLE "ORG_USER" (
"ID" VARCHAR2(200 BYTE) NOT NULL ,
"LOGINID" VARCHAR2(200 BYTE) NULL ,
"USERNAME" VARCHAR2(200 BYTE) NULL ,
"ISEFFECT" VARCHAR2(200 BYTE) NULL ,
"PASSWORD" VARCHAR2(200 BYTE) NULL ,
"BIRTHDAY" DATE NULL ,
"MOBILE" VARCHAR2(200 BYTE) NULL ,
"FJH" VARCHAR2(200 BYTE) NULL ,
"FPHONE" VARCHAR2(200 BYTE) NULL ,
"SFZID" VARCHAR2(200 BYTE) NULL ,
"PYJC" VARCHAR2(200 BYTE) NULL ,
"PYQC" VARCHAR2(200 BYTE) NULL ,
"WORKSTATE" VARCHAR2(200 BYTE) NULL ,
"ORGTYPE" VARCHAR2(200 BYTE) NULL ,
"DUTY" VARCHAR2(200 BYTE) NULL ,
"DUTYDETAILS" VARCHAR2(200 BYTE) NULL 
)
LOGGING
NOCOMPRESS
NOCACHE

;
COMMENT ON COLUMN "ORG_USER"."LOGINID" IS '111';

-- ----------------------------
-- Records of ORG_USER
-- ----------------------------
INSERT INTO "ORG_USER" VALUES ('czg', 'a', '蔡志高', 'n', '111111', null, null, null, null, null, null, null, null, null, null, null);
INSERT INTO "ORG_USER" VALUES ('312', '321', '312', 'y', '1111111', null, null, null, null, null, null, null, null, null, null, null);
INSERT INTO "ORG_USER" VALUES ('jsy', 'zkk1', '赵可可', 'y', '111111', null, null, null, null, null, null, null, null, null, null, null);
INSERT INTO "ORG_USER" VALUES ('xwf', 'tzhy', '徐文芳', 'y', '111111', null, null, null, null, null, null, null, null, null, null, null);
INSERT INTO "ORG_USER" VALUES ('dl', 'tsz', '丁玲', 'y', '111111', null, null, null, null, null, null, null, null, null, null, null);
INSERT INTO "ORG_USER" VALUES ('zgl', 'fxdd', '张根林', 'y', '111111', null, null, null, null, null, null, null, null, null, null, null);
INSERT INTO "ORG_USER" VALUES ('zh', 'zxs', '张辉', 'y', '111111', null, null, null, null, null, null, null, null, null, null, null);
INSERT INTO "ORG_USER" VALUES ('flk', 'jz', '富立坤', 'y', '111111', null, null, null, null, null, null, null, null, null, null, null);
INSERT INTO "ORG_USER" VALUES ('cjj', 'hxk', '陈晶晶', 'y', '111111', null, null, null, null, null, null, null, null, null, null, null);
INSERT INTO "ORG_USER" VALUES ('yzp@02', '312', 'yzp', 'n', '111111', null, null, null, null, null, null, null, null, null, null, null);
INSERT INTO "ORG_USER" VALUES ('lxl', 'jsy', '刘小磊', 'y', '111111', null, null, null, null, null, null, null, null, null, null, null);
INSERT INTO "ORG_USER" VALUES ('yzp', 'yzp', '俞张平', 'y', '111111', null, null, null, null, null, null, null, null, null, null, null);
INSERT INTO "ORG_USER" VALUES ('xwf@01', 'jxk', '徐文芳', 'y', '111111', null, null, null, null, null, null, null, null, null, null, null);
INSERT INTO "ORG_USER" VALUES ('orgid', 'czg1', 'orgid', 'n', 'orgid1', null, null, null, null, null, null, null, null, null, null, null);
INSERT INTO "ORG_USER" VALUES ('222', '222', '222', 'n', '222222', null, null, null, null, null, null, null, null, null, null, null);
INSERT INTO "ORG_USER" VALUES ('122', '12', '122', 'y', '111111', null, null, null, null, null, null, null, null, null, null, null);
INSERT INTO "ORG_USER" VALUES ('lhs', 'lhs', '领航室', 'n', '111111', null, null, null, null, null, null, null, null, null, null, null);
INSERT INTO "ORG_USER" VALUES ('lhs@01', 'hkjy', '杨晓林', 'y', '111111', null, null, null, null, null, null, null, null, null, null, null);
INSERT INTO "ORG_USER" VALUES ('szh', 'dds', '沈致花', 'y', '111111', null, null, null, null, null, null, null, null, null, null, null);
INSERT INTO "ORG_USER" VALUES ('my', 'cz', '马云', 'y', '111111', null, null, null, null, null, null, null, null, null, null, null);
INSERT INTO "ORG_USER" VALUES ('yzp@03', 'yzp1', '俞张平', 'y', '123456', null, null, null, null, null, null, null, null, null, null, null);
INSERT INTO "ORG_USER" VALUES ('zsp', 'zsp', '赵树培', 'y', '123456', null, null, null, null, null, null, null, null, null, null, null);
INSERT INTO "ORG_USER" VALUES ('czg@01', 'czg', '蔡志高', 'y', '111111', null, null, null, null, null, null, null, null, null, null, null);
INSERT INTO "ORG_USER" VALUES ('demi', 'demi', 'demi', 'y', '111111', null, null, null, null, null, null, null, null, null, null, null);
INSERT INTO "ORG_USER" VALUES ('xf', 'czg', '小范', 'n', '111111', null, null, null, null, null, null, null, null, null, null, null);
INSERT INTO "ORG_USER" VALUES ('xx', 'ac', 'xx', 'n', '111111', null, null, null, null, null, null, null, null, null, null, null);
INSERT INTO "ORG_USER" VALUES ('111', 'a', '111', 'n', '111111', null, null, null, null, null, null, null, null, null, null, null);
INSERT INTO "ORG_USER" VALUES ('ggggg', 'ggggg', 'ggggg', 'n', 'ggggg1', null, null, null, null, null, null, null, null, null, null, null);
INSERT INTO "ORG_USER" VALUES ('zkk', 'zkk', '赵可可', 'y', '111111', null, null, null, null, null, null, null, null, null, null, null);
INSERT INTO "ORG_USER" VALUES ('hkjy', 'lhs', '赵欣欣', 'y', '111111', null, null, null, null, null, null, null, null, null, null, null);
INSERT INTO "ORG_USER" VALUES ('shk', 'jw', '施华蔻', 'y', '111111', null, null, null, null, null, null, null, null, null, null, null);

-- ----------------------------
-- Table structure for "ORG_USERORGREL"
-- ----------------------------
DROP TABLE "ORG_USERORGREL";
CREATE TABLE "ORG_USERORGREL" (
"ID" VARCHAR2(200 BYTE) NOT NULL ,
"SORT" NUMBER NULL ,
"ISMAIN" VARCHAR2(200 BYTE) NULL ,
"USERID" VARCHAR2(200 BYTE) NULL ,
"ORGID" VARCHAR2(200 BYTE) NULL 
)
LOGGING
NOCOMPRESS
NOCACHE

;

-- ----------------------------
-- Records of ORG_USERORGREL
-- ----------------------------
INSERT INTO "ORG_USERORGREL" VALUES ('408948b6483f161301483f1618010000', '0', 'y', 'czg', 'root');
INSERT INTO "ORG_USERORGREL" VALUES ('408948b6483fa22401483fa4dcf60000', '0', 'y', '312', '6');
INSERT INTO "ORG_USERORGREL" VALUES ('408948ec48813a8a0148817b4a300000', '0', 'y', 'jsy', 'jsy');
INSERT INTO "ORG_USERORGREL" VALUES ('408948ec48813a8a0148820eadd7007a', '0', 'y', 'xwf', 'ydd');
INSERT INTO "ORG_USERORGREL" VALUES ('408948ec48813a8a0148820f7e4f007b', '0', 'y', 'dl', 'ydd');
INSERT INTO "ORG_USERORGREL" VALUES ('408948ec48813a8a0148820fedd3007c', '0', 'y', 'zgl', 'ydd');
INSERT INTO "ORG_USERORGREL" VALUES ('408948ec48813a8a0148821063dc007d', '0', 'y', 'zh', 'ydd');
INSERT INTO "ORG_USERORGREL" VALUES ('408948ec48813a8a01488210d39f007e', '0', 'y', 'flk', 'ydd');
INSERT INTO "ORG_USERORGREL" VALUES ('408948ec48813a8a01488211554b007f', '0', 'y', 'cjj', 'ydd');
INSERT INTO "ORG_USERORGREL" VALUES ('408948b6483f5d4401483f8679d5000a', '0', 'y', 'yzp@02', 'root');
INSERT INTO "ORG_USERORGREL" VALUES ('408948ec48813a8a01488197668e0051', '0', 'y', 'lxl', 'ydd');
INSERT INTO "ORG_USERORGREL" VALUES ('408948b6483f5d4401483f6c06dd0004', '0', 'y', 'yzp', null);
INSERT INTO "ORG_USERORGREL" VALUES ('408948b6483f5d4401483f6c73b90005', '0', 'y', 'yzp@01', null);
INSERT INTO "ORG_USERORGREL" VALUES ('408948b6483f5d4401483f6cbc020006', '0', 'y', 'orgid', 'root');
INSERT INTO "ORG_USERORGREL" VALUES ('408948b6483fa22401483fb71e520001', '0', 'y', '222', '222');
INSERT INTO "ORG_USERORGREL" VALUES ('408948b6483fa22401483fb7373f0002', '0', 'y', '122', 'root');
INSERT INTO "ORG_USERORGREL" VALUES ('408948ec48813a8a014881be27fd006a', '0', 'y', 'lhs', 'ydd');
INSERT INTO "ORG_USERORGREL" VALUES ('408948ec48813a8a014881be2916006b', '0', 'y', 'lhs@01', 'ydd');
INSERT INTO "ORG_USERORGREL" VALUES ('408948ec48813a8a01488247b21b009a', '0', 'y', 'xwf@01', 'ydd');
INSERT INTO "ORG_USERORGREL" VALUES ('408948ec48813a8a014882485af6009b', '0', 'y', 'szh', 'ydd');
INSERT INTO "ORG_USERORGREL" VALUES ('408948ec48813a8a01488248ab18009c', '0', 'y', 'my', 'ydd');
INSERT INTO "ORG_USERORGREL" VALUES ('4028f8ea4868563001486883e8430000', '0', 'y', 'yzp@03', '3');
INSERT INTO "ORG_USERORGREL" VALUES ('408948af4877ea21014877ffe6470000', '0', 'y', 'zsp', '101t');
INSERT INTO "ORG_USERORGREL" VALUES ('408948b64878627a0148786287ba0000', '0', 'y', 'czg@01', 'root');
INSERT INTO "ORG_USERORGREL" VALUES ('408948ec48813a8a0148818f5c920039', '0', 'y', 'demi', 'jsy');
INSERT INTO "ORG_USERORGREL" VALUES ('408948b6483f5d4401483f7d37340007', '0', 'y', 'xf', 'root');
INSERT INTO "ORG_USERORGREL" VALUES ('408948b6483f5d4401483f7f60ab0008', '0', 'y', 'xx', 'root');
INSERT INTO "ORG_USERORGREL" VALUES ('408948b6483f5d4401483f8229d50009', '0', 'y', '111', 'root');
INSERT INTO "ORG_USERORGREL" VALUES ('408948b6483fbca401483fd8a05b0000', '0', 'y', 'ggggg', 'root');
INSERT INTO "ORG_USERORGREL" VALUES ('408948b648771e370148774209d80000', '0', 'y', 'zkk', '4');
INSERT INTO "ORG_USERORGREL" VALUES ('408948ec48813a8a014881bf7f6f006d', '0', 'y', 'hkjy', 'ydd');
INSERT INTO "ORG_USERORGREL" VALUES ('408948ec48813a8a014882491658009d', '0', 'y', 'shk', 'ydd');

-- ----------------------------
-- Table structure for "ORG_USERROLEREL"
-- ----------------------------
DROP TABLE "ORG_USERROLEREL";
CREATE TABLE "ORG_USERROLEREL" (
"ID" VARCHAR2(200 BYTE) NOT NULL ,
"SORT" NUMBER NULL ,
"USERID" VARCHAR2(200 BYTE) NULL ,
"ROLEID" VARCHAR2(200 BYTE) NULL 
)
LOGGING
NOCOMPRESS
NOCACHE

;

-- ----------------------------
-- Records of ORG_USERROLEREL
-- ----------------------------
INSERT INTO "ORG_USERROLEREL" VALUES ('408948ec48813a8a014881876db40036', null, 'jsy', '408948ec48813a8a0148817bb4d40001');
INSERT INTO "ORG_USERROLEREL" VALUES ('408948b648632eb70148635842380008', null, '122', '4028f8fa48633e5e0148633ecdbc0000');
INSERT INTO "ORG_USERROLEREL" VALUES ('408948b64844f6530148452758f30008', null, '312', '408948b6483e422d01483e426edd0000');
INSERT INTO "ORG_USERROLEREL" VALUES ('408948ec48813a8a01488197ce450052', null, 'lxl', '408948ec48813a8a0148819655010048');
INSERT INTO "ORG_USERROLEREL" VALUES ('408948b648632eb701486358420c0007', null, '122', 'admin');
INSERT INTO "ORG_USERROLEREL" VALUES ('408948ec48813a8a01488249ed94009f', null, 'dl', '408948ec48813a8a014881c17d5c0071');
INSERT INTO "ORG_USERROLEREL" VALUES ('408948ec48813a8a0148824a264000a0', null, 'zgl', '408948ec48813a8a0148820250410072');
INSERT INTO "ORG_USERROLEREL" VALUES ('408948ec48813a8a0148824a756800a1', null, 'zh', '408948ec48813a8a014882029e7f0073');
INSERT INTO "ORG_USERROLEREL" VALUES ('408948b6485d4a6001485d4c10b10000', null, 'admin', '408948b6485888340148588838dc000c');
INSERT INTO "ORG_USERROLEREL" VALUES ('408948b6485d131901485d25db8c0001', null, null, '408948b6485888340148588838dc000c');
INSERT INTO "ORG_USERROLEREL" VALUES ('408948b6485804760148580733830001', null, '122', '408948b6483e422d01483e426edd0000');
INSERT INTO "ORG_USERROLEREL" VALUES ('408948b6485d131901485d25dbaf0002', null, null, '408948b6485888340148588838e3000d');
INSERT INTO "ORG_USERROLEREL" VALUES ('408948b6485d4a6001485d4c11220001', null, 'admin', '408948b6485888340148588838e3000d');
INSERT INTO "ORG_USERROLEREL" VALUES ('408948ec48813a8a0148818eaaa20038', null, 'jsy', '408948ec48813a8a0148818e69cb0037');
INSERT INTO "ORG_USERROLEREL" VALUES ('408948ec48813a8a0148824b786400a2', null, 'flk', '408948ec48813a8a01488202d71c0074');
INSERT INTO "ORG_USERROLEREL" VALUES ('408948ec48813a8a0148818fab7c003a', null, 'demi', '408948ec48813a8a0148817bb4d40001');
INSERT INTO "ORG_USERROLEREL" VALUES ('408948ec48813a8a0148824bb23900a3', null, 'cjj', '408948ec48813a8a014882032b630075');
INSERT INTO "ORG_USERROLEREL" VALUES ('408948b64877faa7014877fbc187001e', null, 'zkk', 'admin');
INSERT INTO "ORG_USERROLEREL" VALUES ('408948af4877ea2101487801fc3c0007', null, 'zsp', '408948af4877ea210148780038a90001');
INSERT INTO "ORG_USERROLEREL" VALUES ('408948af4877ea2101487801fc5e0008', null, 'zsp', 'admin');
INSERT INTO "ORG_USERROLEREL" VALUES ('408948ec48813a8a0148824c0bbd00a4', null, 'shk', '408948ec48813a8a01488204afdd0079');
INSERT INTO "ORG_USERROLEREL" VALUES ('408948ec48813a8a0148824c462d00a5', null, 'lhs@01', '408948ec48813a8a014881c0fc99006f');
INSERT INTO "ORG_USERROLEREL" VALUES ('408948ec48813a8a0148824c796d00a6', null, 'xwf@01', '408948ec48813a8a0148820361700076');
INSERT INTO "ORG_USERROLEREL" VALUES ('408948ec48813a8a0148824cb9e600a7', null, 'szh', '408948ec48813a8a01488203a42a0077');
INSERT INTO "ORG_USERROLEREL" VALUES ('408948ec48813a8a0148824cead500a8', null, 'my', '408948ec48813a8a01488203e6670078');
INSERT INTO "ORG_USERROLEREL" VALUES ('408948ec48813a8a0148824d300e00a9', null, 'hkjy', '408948ec48813a8a014881c00b68006e');
INSERT INTO "ORG_USERROLEREL" VALUES ('408948ec48813a8a014882c33ad501c8', null, 'xwf', '408948ec48813a8a014881c146930070');

-- ----------------------------
-- Indexes structure for table "ORG_FUNC"
-- ----------------------------

-- ----------------------------
-- Checks structure for table "ORG_FUNC"
-- ----------------------------
ALTER TABLE "ORG_FUNC" ADD CHECK ("ID" IS NOT NULL);
ALTER TABLE "ORG_FUNC" ADD CHECK ("ID" IS NOT NULL);

-- ----------------------------
-- Primary Key structure for table "ORG_FUNC"
-- ----------------------------
ALTER TABLE "ORG_FUNC" ADD PRIMARY KEY ("ID");

-- ----------------------------
-- Indexes structure for table "ORG_FUNCROLEREL"
-- ----------------------------

-- ----------------------------
-- Checks structure for table "ORG_FUNCROLEREL"
-- ----------------------------
ALTER TABLE "ORG_FUNCROLEREL" ADD CHECK ("ID" IS NOT NULL);
ALTER TABLE "ORG_FUNCROLEREL" ADD CHECK ("ID" IS NOT NULL);

-- ----------------------------
-- Primary Key structure for table "ORG_FUNCROLEREL"
-- ----------------------------
ALTER TABLE "ORG_FUNCROLEREL" ADD PRIMARY KEY ("ID");

-- ----------------------------
-- Indexes structure for table "ORG_ORG"
-- ----------------------------

-- ----------------------------
-- Checks structure for table "ORG_ORG"
-- ----------------------------
ALTER TABLE "ORG_ORG" ADD CHECK ("ID" IS NOT NULL);
ALTER TABLE "ORG_ORG" ADD CHECK ("ID" IS NOT NULL);

-- ----------------------------
-- Primary Key structure for table "ORG_ORG"
-- ----------------------------
ALTER TABLE "ORG_ORG" ADD PRIMARY KEY ("ID");

-- ----------------------------
-- Indexes structure for table "ORG_ROLE"
-- ----------------------------

-- ----------------------------
-- Checks structure for table "ORG_ROLE"
-- ----------------------------
ALTER TABLE "ORG_ROLE" ADD CHECK ("ID" IS NOT NULL);
ALTER TABLE "ORG_ROLE" ADD CHECK ("ID" IS NOT NULL);

-- ----------------------------
-- Primary Key structure for table "ORG_ROLE"
-- ----------------------------
ALTER TABLE "ORG_ROLE" ADD PRIMARY KEY ("ID");

-- ----------------------------
-- Indexes structure for table "ORG_USER"
-- ----------------------------

-- ----------------------------
-- Checks structure for table "ORG_USER"
-- ----------------------------
ALTER TABLE "ORG_USER" ADD CHECK ("ID" IS NOT NULL);
ALTER TABLE "ORG_USER" ADD CHECK ("ID" IS NOT NULL);

-- ----------------------------
-- Primary Key structure for table "ORG_USER"
-- ----------------------------
ALTER TABLE "ORG_USER" ADD PRIMARY KEY ("ID");

-- ----------------------------
-- Indexes structure for table "ORG_USERORGREL"
-- ----------------------------

-- ----------------------------
-- Checks structure for table "ORG_USERORGREL"
-- ----------------------------
ALTER TABLE "ORG_USERORGREL" ADD CHECK ("ID" IS NOT NULL);
ALTER TABLE "ORG_USERORGREL" ADD CHECK ("ID" IS NOT NULL);

-- ----------------------------
-- Primary Key structure for table "ORG_USERORGREL"
-- ----------------------------
ALTER TABLE "ORG_USERORGREL" ADD PRIMARY KEY ("ID");

-- ----------------------------
-- Indexes structure for table "ORG_USERROLEREL"
-- ----------------------------

-- ----------------------------
-- Checks structure for table "ORG_USERROLEREL"
-- ----------------------------
ALTER TABLE "ORG_USERROLEREL" ADD CHECK ("ID" IS NOT NULL);
ALTER TABLE "ORG_USERROLEREL" ADD CHECK ("ID" IS NOT NULL);

-- ----------------------------
-- Primary Key structure for table "ORG_USERROLEREL"
-- ----------------------------
ALTER TABLE "ORG_USERROLEREL" ADD PRIMARY KEY ("ID");
